,1,2,3,4
0,logic00001,"['sma_slope', 'sma_80', 'sma_5']",,
1,logic00002,"['macd', 'macd_30-10', 'macdsignal_30-10', 'macdhist_30-10']",,
2,logic00003,"['sma_slope', 'sma_80', 'sma_5']","['macd', 'macd_30-10', 'macdsignal_30-10', 'macdhist_30-10']",
3,logic00004,"['rsi', 'rsi_22']",,
4,logic00005,"['sma_slope', 'sma_80', 'sma_5']","['rsi', 'rsi_22']",
5,logic00006,"['sma_slope', 'sma_80', 'sma_5']","['rsi', 'rsi_22']","['macd', 'macd_30-10', 'macdsignal_30-10', 'macdhist_30-10']"
6,logic00007,"['bb', 'sma_80', 'lower_80_dev_1', 'upper_80_dev_1']",,
7,logic00008,"['bb', 'sma_80', 'lower_80_dev_1', 'upper_80_dev_1']","['rsi', 'rsi_22']",
8,logic00009,"['bb', 'sma_80', 'lower_80_dev_2', 'upper_80_dev_2']",,
9,logic00010,"['bb', 'sma_80', 'lower_80_dev_2', 'upper_80_dev_2']","['rsi', 'rsi_22']",
10,logic00011,"['bb', 'sma_80', 'lower_80_dev_3', 'upper_80_dev_3']",,
11,logic00012,"['bb', 'sma_80', 'lower_80_dev_3', 'upper_80_dev_3']","['rsi', 'rsi_22']",
12,logic00013,"['rsi', 'rsi_14']",,
13,logic00014,"['sma_slope', 'sma_80', 'sma_5']","['rsi', 'rsi_14']",
14,logic00015,"['sma_slope', 'sma_80', 'sma_5']","['rsi', 'rsi_14']","['macd', 'macd_30-10', 'macdsignal_30-10', 'macdhist_30-10']"
15,logic00016,"['bb', 'sma_80', 'lower_80_dev_1', 'upper_80_dev_1']",,
16,logic00017,"['bb', 'sma_80', 'lower_80_dev_1', 'upper_80_dev_1']","['rsi', 'rsi_14']",
17,logic00018,"['bb', 'sma_80', 'lower_80_dev_2', 'upper_80_dev_2']",,
18,logic00019,"['bb', 'sma_80', 'lower_80_dev_2', 'upper_80_dev_2']","['rsi', 'rsi_14']",
19,logic00020,"['bb', 'sma_80', 'lower_80_dev_3', 'upper_80_dev_3']",,
20,logic00021,"['bb', 'sma_80', 'lower_80_dev_3', 'upper_80_dev_3']","['rsi', 'rsi_14']",
21,logic00022,"['rsi', 'rsi_9']",,
22,logic00023,"['sma_slope', 'sma_80', 'sma_5']","['rsi', 'rsi_9']",
23,logic00024,"['sma_slope', 'sma_80', 'sma_5']","['rsi', 'rsi_9']","['macd', 'macd_30-10', 'macdsignal_30-10', 'macdhist_30-10']"
24,logic00025,"['bb', 'sma_80', 'lower_80_dev_1', 'upper_80_dev_1']",,
25,logic00026,"['bb', 'sma_80', 'lower_80_dev_1', 'upper_80_dev_1']","['rsi', 'rsi_9']",
26,logic00027,"['bb', 'sma_80', 'lower_80_dev_2', 'upper_80_dev_2']",,
27,logic00028,"['bb', 'sma_80', 'lower_80_dev_2', 'upper_80_dev_2']","['rsi', 'rsi_9']",
28,logic00029,"['bb', 'sma_80', 'lower_80_dev_3', 'upper_80_dev_3']",,
29,logic00030,"['bb', 'sma_80', 'lower_80_dev_3', 'upper_80_dev_3']","['rsi', 'rsi_9']",
30,logic00031,"['macd', 'macd_30-20', 'macdsignal_30-20', 'macdhist_30-20']",,
31,logic00032,"['sma_slope', 'sma_80', 'sma_5']","['macd', 'macd_30-20', 'macdsignal_30-20', 'macdhist_30-20']",
32,logic00033,"['rsi', 'rsi_22']",,
33,logic00034,"['sma_slope', 'sma_80', 'sma_5']","['rsi', 'rsi_22']",
34,logic00035,"['sma_slope', 'sma_80', 'sma_5']","['rsi', 'rsi_22']","['macd', 'macd_30-20', 'macdsignal_30-20', 'macdhist_30-20']"
35,logic00036,"['bb', 'sma_80', 'lower_80_dev_1', 'upper_80_dev_1']",,
36,logic00037,"['bb', 'sma_80', 'lower_80_dev_1', 'upper_80_dev_1']","['rsi', 'rsi_22']",
37,logic00038,"['bb', 'sma_80', 'lower_80_dev_2', 'upper_80_dev_2']",,
38,logic00039,"['bb', 'sma_80', 'lower_80_dev_2', 'upper_80_dev_2']","['rsi', 'rsi_22']",
39,logic00040,"['bb', 'sma_80', 'lower_80_dev_3', 'upper_80_dev_3']",,
40,logic00041,"['bb', 'sma_80', 'lower_80_dev_3', 'upper_80_dev_3']","['rsi', 'rsi_22']",
41,logic00042,"['rsi', 'rsi_14']",,
42,logic00043,"['sma_slope', 'sma_80', 'sma_5']","['rsi', 'rsi_14']",
43,logic00044,"['sma_slope', 'sma_80', 'sma_5']","['rsi', 'rsi_14']","['macd', 'macd_30-20', 'macdsignal_30-20', 'macdhist_30-20']"
44,logic00045,"['bb', 'sma_80', 'lower_80_dev_1', 'upper_80_dev_1']",,
45,logic00046,"['bb', 'sma_80', 'lower_80_dev_1', 'upper_80_dev_1']","['rsi', 'rsi_14']",
46,logic00047,"['bb', 'sma_80', 'lower_80_dev_2', 'upper_80_dev_2']",,
47,logic00048,"['bb', 'sma_80', 'lower_80_dev_2', 'upper_80_dev_2']","['rsi', 'rsi_14']",
48,logic00049,"['bb', 'sma_80', 'lower_80_dev_3', 'upper_80_dev_3']",,
49,logic00050,"['bb', 'sma_80', 'lower_80_dev_3', 'upper_80_dev_3']","['rsi', 'rsi_14']",
50,logic00051,"['rsi', 'rsi_9']",,
51,logic00052,"['sma_slope', 'sma_80', 'sma_5']","['rsi', 'rsi_9']",
52,logic00053,"['sma_slope', 'sma_80', 'sma_5']","['rsi', 'rsi_9']","['macd', 'macd_30-20', 'macdsignal_30-20', 'macdhist_30-20']"
53,logic00054,"['bb', 'sma_80', 'lower_80_dev_1', 'upper_80_dev_1']",,
54,logic00055,"['bb', 'sma_80', 'lower_80_dev_1', 'upper_80_dev_1']","['rsi', 'rsi_9']",
55,logic00056,"['bb', 'sma_80', 'lower_80_dev_2', 'upper_80_dev_2']",,
56,logic00057,"['bb', 'sma_80', 'lower_80_dev_2', 'upper_80_dev_2']","['rsi', 'rsi_9']",
57,logic00058,"['bb', 'sma_80', 'lower_80_dev_3', 'upper_80_dev_3']",,
58,logic00059,"['bb', 'sma_80', 'lower_80_dev_3', 'upper_80_dev_3']","['rsi', 'rsi_9']",
59,logic00060,"['macd', 'macd_20-10', 'macdsignal_20-10', 'macdhist_20-10']",,
60,logic00061,"['sma_slope', 'sma_80', 'sma_5']","['macd', 'macd_20-10', 'macdsignal_20-10', 'macdhist_20-10']",
61,logic00062,"['rsi', 'rsi_22']",,
62,logic00063,"['sma_slope', 'sma_80', 'sma_5']","['rsi', 'rsi_22']",
63,logic00064,"['sma_slope', 'sma_80', 'sma_5']","['rsi', 'rsi_22']","['macd', 'macd_20-10', 'macdsignal_20-10', 'macdhist_20-10']"
64,logic00065,"['bb', 'sma_80', 'lower_80_dev_1', 'upper_80_dev_1']",,
65,logic00066,"['bb', 'sma_80', 'lower_80_dev_1', 'upper_80_dev_1']","['rsi', 'rsi_22']",
66,logic00067,"['bb', 'sma_80', 'lower_80_dev_2', 'upper_80_dev_2']",,
67,logic00068,"['bb', 'sma_80', 'lower_80_dev_2', 'upper_80_dev_2']","['rsi', 'rsi_22']",
68,logic00069,"['bb', 'sma_80', 'lower_80_dev_3', 'upper_80_dev_3']",,
69,logic00070,"['bb', 'sma_80', 'lower_80_dev_3', 'upper_80_dev_3']","['rsi', 'rsi_22']",
70,logic00071,"['rsi', 'rsi_14']",,
71,logic00072,"['sma_slope', 'sma_80', 'sma_5']","['rsi', 'rsi_14']",
72,logic00073,"['sma_slope', 'sma_80', 'sma_5']","['rsi', 'rsi_14']","['macd', 'macd_20-10', 'macdsignal_20-10', 'macdhist_20-10']"
73,logic00074,"['bb', 'sma_80', 'lower_80_dev_1', 'upper_80_dev_1']",,
74,logic00075,"['bb', 'sma_80', 'lower_80_dev_1', 'upper_80_dev_1']","['rsi', 'rsi_14']",
75,logic00076,"['bb', 'sma_80', 'lower_80_dev_2', 'upper_80_dev_2']",,
76,logic00077,"['bb', 'sma_80', 'lower_80_dev_2', 'upper_80_dev_2']","['rsi', 'rsi_14']",
77,logic00078,"['bb', 'sma_80', 'lower_80_dev_3', 'upper_80_dev_3']",,
78,logic00079,"['bb', 'sma_80', 'lower_80_dev_3', 'upper_80_dev_3']","['rsi', 'rsi_14']",
79,logic00080,"['rsi', 'rsi_9']",,
80,logic00081,"['sma_slope', 'sma_80', 'sma_5']","['rsi', 'rsi_9']",
81,logic00082,"['sma_slope', 'sma_80', 'sma_5']","['rsi', 'rsi_9']","['macd', 'macd_20-10', 'macdsignal_20-10', 'macdhist_20-10']"
82,logic00083,"['bb', 'sma_80', 'lower_80_dev_1', 'upper_80_dev_1']",,
83,logic00084,"['bb', 'sma_80', 'lower_80_dev_1', 'upper_80_dev_1']","['rsi', 'rsi_9']",
84,logic00085,"['bb', 'sma_80', 'lower_80_dev_2', 'upper_80_dev_2']",,
85,logic00086,"['bb', 'sma_80', 'lower_80_dev_2', 'upper_80_dev_2']","['rsi', 'rsi_9']",
86,logic00087,"['bb', 'sma_80', 'lower_80_dev_3', 'upper_80_dev_3']",,
87,logic00088,"['bb', 'sma_80', 'lower_80_dev_3', 'upper_80_dev_3']","['rsi', 'rsi_9']",
88,logic00089,"['sma_slope', 'sma_80', 'sma_10']",,
89,logic00090,"['macd', 'macd_30-10', 'macdsignal_30-10', 'macdhist_30-10']",,
90,logic00091,"['sma_slope', 'sma_80', 'sma_10']","['macd', 'macd_30-10', 'macdsignal_30-10', 'macdhist_30-10']",
91,logic00092,"['rsi', 'rsi_22']",,
92,logic00093,"['sma_slope', 'sma_80', 'sma_10']","['rsi', 'rsi_22']",
93,logic00094,"['sma_slope', 'sma_80', 'sma_10']","['rsi', 'rsi_22']","['macd', 'macd_30-10', 'macdsignal_30-10', 'macdhist_30-10']"
94,logic00095,"['bb', 'sma_80', 'lower_80_dev_1', 'upper_80_dev_1']",,
95,logic00096,"['bb', 'sma_80', 'lower_80_dev_1', 'upper_80_dev_1']","['rsi', 'rsi_22']",
96,logic00097,"['bb', 'sma_80', 'lower_80_dev_2', 'upper_80_dev_2']",,
97,logic00098,"['bb', 'sma_80', 'lower_80_dev_2', 'upper_80_dev_2']","['rsi', 'rsi_22']",
98,logic00099,"['bb', 'sma_80', 'lower_80_dev_3', 'upper_80_dev_3']",,
99,logic00100,"['bb', 'sma_80', 'lower_80_dev_3', 'upper_80_dev_3']","['rsi', 'rsi_22']",
100,logic00101,"['rsi', 'rsi_14']",,
101,logic00102,"['sma_slope', 'sma_80', 'sma_10']","['rsi', 'rsi_14']",
102,logic00103,"['sma_slope', 'sma_80', 'sma_10']","['rsi', 'rsi_14']","['macd', 'macd_30-10', 'macdsignal_30-10', 'macdhist_30-10']"
103,logic00104,"['bb', 'sma_80', 'lower_80_dev_1', 'upper_80_dev_1']",,
104,logic00105,"['bb', 'sma_80', 'lower_80_dev_1', 'upper_80_dev_1']","['rsi', 'rsi_14']",
105,logic00106,"['bb', 'sma_80', 'lower_80_dev_2', 'upper_80_dev_2']",,
106,logic00107,"['bb', 'sma_80', 'lower_80_dev_2', 'upper_80_dev_2']","['rsi', 'rsi_14']",
107,logic00108,"['bb', 'sma_80', 'lower_80_dev_3', 'upper_80_dev_3']",,
108,logic00109,"['bb', 'sma_80', 'lower_80_dev_3', 'upper_80_dev_3']","['rsi', 'rsi_14']",
109,logic00110,"['rsi', 'rsi_9']",,
110,logic00111,"['sma_slope', 'sma_80', 'sma_10']","['rsi', 'rsi_9']",
111,logic00112,"['sma_slope', 'sma_80', 'sma_10']","['rsi', 'rsi_9']","['macd', 'macd_30-10', 'macdsignal_30-10', 'macdhist_30-10']"
112,logic00113,"['bb', 'sma_80', 'lower_80_dev_1', 'upper_80_dev_1']",,
113,logic00114,"['bb', 'sma_80', 'lower_80_dev_1', 'upper_80_dev_1']","['rsi', 'rsi_9']",
114,logic00115,"['bb', 'sma_80', 'lower_80_dev_2', 'upper_80_dev_2']",,
115,logic00116,"['bb', 'sma_80', 'lower_80_dev_2', 'upper_80_dev_2']","['rsi', 'rsi_9']",
116,logic00117,"['bb', 'sma_80', 'lower_80_dev_3', 'upper_80_dev_3']",,
117,logic00118,"['bb', 'sma_80', 'lower_80_dev_3', 'upper_80_dev_3']","['rsi', 'rsi_9']",
118,logic00119,"['macd', 'macd_30-20', 'macdsignal_30-20', 'macdhist_30-20']",,
119,logic00120,"['sma_slope', 'sma_80', 'sma_10']","['macd', 'macd_30-20', 'macdsignal_30-20', 'macdhist_30-20']",
120,logic00121,"['rsi', 'rsi_22']",,
121,logic00122,"['sma_slope', 'sma_80', 'sma_10']","['rsi', 'rsi_22']",
122,logic00123,"['sma_slope', 'sma_80', 'sma_10']","['rsi', 'rsi_22']","['macd', 'macd_30-20', 'macdsignal_30-20', 'macdhist_30-20']"
123,logic00124,"['bb', 'sma_80', 'lower_80_dev_1', 'upper_80_dev_1']",,
124,logic00125,"['bb', 'sma_80', 'lower_80_dev_1', 'upper_80_dev_1']","['rsi', 'rsi_22']",
125,logic00126,"['bb', 'sma_80', 'lower_80_dev_2', 'upper_80_dev_2']",,
126,logic00127,"['bb', 'sma_80', 'lower_80_dev_2', 'upper_80_dev_2']","['rsi', 'rsi_22']",
127,logic00128,"['bb', 'sma_80', 'lower_80_dev_3', 'upper_80_dev_3']",,
128,logic00129,"['bb', 'sma_80', 'lower_80_dev_3', 'upper_80_dev_3']","['rsi', 'rsi_22']",
129,logic00130,"['rsi', 'rsi_14']",,
130,logic00131,"['sma_slope', 'sma_80', 'sma_10']","['rsi', 'rsi_14']",
131,logic00132,"['sma_slope', 'sma_80', 'sma_10']","['rsi', 'rsi_14']","['macd', 'macd_30-20', 'macdsignal_30-20', 'macdhist_30-20']"
132,logic00133,"['bb', 'sma_80', 'lower_80_dev_1', 'upper_80_dev_1']",,
133,logic00134,"['bb', 'sma_80', 'lower_80_dev_1', 'upper_80_dev_1']","['rsi', 'rsi_14']",
134,logic00135,"['bb', 'sma_80', 'lower_80_dev_2', 'upper_80_dev_2']",,
135,logic00136,"['bb', 'sma_80', 'lower_80_dev_2', 'upper_80_dev_2']","['rsi', 'rsi_14']",
136,logic00137,"['bb', 'sma_80', 'lower_80_dev_3', 'upper_80_dev_3']",,
137,logic00138,"['bb', 'sma_80', 'lower_80_dev_3', 'upper_80_dev_3']","['rsi', 'rsi_14']",
138,logic00139,"['rsi', 'rsi_9']",,
139,logic00140,"['sma_slope', 'sma_80', 'sma_10']","['rsi', 'rsi_9']",
140,logic00141,"['sma_slope', 'sma_80', 'sma_10']","['rsi', 'rsi_9']","['macd', 'macd_30-20', 'macdsignal_30-20', 'macdhist_30-20']"
141,logic00142,"['bb', 'sma_80', 'lower_80_dev_1', 'upper_80_dev_1']",,
142,logic00143,"['bb', 'sma_80', 'lower_80_dev_1', 'upper_80_dev_1']","['rsi', 'rsi_9']",
143,logic00144,"['bb', 'sma_80', 'lower_80_dev_2', 'upper_80_dev_2']",,
144,logic00145,"['bb', 'sma_80', 'lower_80_dev_2', 'upper_80_dev_2']","['rsi', 'rsi_9']",
145,logic00146,"['bb', 'sma_80', 'lower_80_dev_3', 'upper_80_dev_3']",,
146,logic00147,"['bb', 'sma_80', 'lower_80_dev_3', 'upper_80_dev_3']","['rsi', 'rsi_9']",
147,logic00148,"['macd', 'macd_20-10', 'macdsignal_20-10', 'macdhist_20-10']",,
148,logic00149,"['sma_slope', 'sma_80', 'sma_10']","['macd', 'macd_20-10', 'macdsignal_20-10', 'macdhist_20-10']",
149,logic00150,"['rsi', 'rsi_22']",,
150,logic00151,"['sma_slope', 'sma_80', 'sma_10']","['rsi', 'rsi_22']",
151,logic00152,"['sma_slope', 'sma_80', 'sma_10']","['rsi', 'rsi_22']","['macd', 'macd_20-10', 'macdsignal_20-10', 'macdhist_20-10']"
152,logic00153,"['bb', 'sma_80', 'lower_80_dev_1', 'upper_80_dev_1']",,
153,logic00154,"['bb', 'sma_80', 'lower_80_dev_1', 'upper_80_dev_1']","['rsi', 'rsi_22']",
154,logic00155,"['bb', 'sma_80', 'lower_80_dev_2', 'upper_80_dev_2']",,
155,logic00156,"['bb', 'sma_80', 'lower_80_dev_2', 'upper_80_dev_2']","['rsi', 'rsi_22']",
156,logic00157,"['bb', 'sma_80', 'lower_80_dev_3', 'upper_80_dev_3']",,
157,logic00158,"['bb', 'sma_80', 'lower_80_dev_3', 'upper_80_dev_3']","['rsi', 'rsi_22']",
158,logic00159,"['rsi', 'rsi_14']",,
159,logic00160,"['sma_slope', 'sma_80', 'sma_10']","['rsi', 'rsi_14']",
160,logic00161,"['sma_slope', 'sma_80', 'sma_10']","['rsi', 'rsi_14']","['macd', 'macd_20-10', 'macdsignal_20-10', 'macdhist_20-10']"
161,logic00162,"['bb', 'sma_80', 'lower_80_dev_1', 'upper_80_dev_1']",,
162,logic00163,"['bb', 'sma_80', 'lower_80_dev_1', 'upper_80_dev_1']","['rsi', 'rsi_14']",
163,logic00164,"['bb', 'sma_80', 'lower_80_dev_2', 'upper_80_dev_2']",,
164,logic00165,"['bb', 'sma_80', 'lower_80_dev_2', 'upper_80_dev_2']","['rsi', 'rsi_14']",
165,logic00166,"['bb', 'sma_80', 'lower_80_dev_3', 'upper_80_dev_3']",,
166,logic00167,"['bb', 'sma_80', 'lower_80_dev_3', 'upper_80_dev_3']","['rsi', 'rsi_14']",
167,logic00168,"['rsi', 'rsi_9']",,
168,logic00169,"['sma_slope', 'sma_80', 'sma_10']","['rsi', 'rsi_9']",
169,logic00170,"['sma_slope', 'sma_80', 'sma_10']","['rsi', 'rsi_9']","['macd', 'macd_20-10', 'macdsignal_20-10', 'macdhist_20-10']"
170,logic00171,"['bb', 'sma_80', 'lower_80_dev_1', 'upper_80_dev_1']",,
171,logic00172,"['bb', 'sma_80', 'lower_80_dev_1', 'upper_80_dev_1']","['rsi', 'rsi_9']",
172,logic00173,"['bb', 'sma_80', 'lower_80_dev_2', 'upper_80_dev_2']",,
173,logic00174,"['bb', 'sma_80', 'lower_80_dev_2', 'upper_80_dev_2']","['rsi', 'rsi_9']",
174,logic00175,"['bb', 'sma_80', 'lower_80_dev_3', 'upper_80_dev_3']",,
175,logic00176,"['bb', 'sma_80', 'lower_80_dev_3', 'upper_80_dev_3']","['rsi', 'rsi_9']",
176,logic00177,"['sma_slope', 'sma_80', 'sma_20']",,
177,logic00178,"['macd', 'macd_30-10', 'macdsignal_30-10', 'macdhist_30-10']",,
178,logic00179,"['sma_slope', 'sma_80', 'sma_20']","['macd', 'macd_30-10', 'macdsignal_30-10', 'macdhist_30-10']",
179,logic00180,"['rsi', 'rsi_22']",,
180,logic00181,"['sma_slope', 'sma_80', 'sma_20']","['rsi', 'rsi_22']",
181,logic00182,"['sma_slope', 'sma_80', 'sma_20']","['rsi', 'rsi_22']","['macd', 'macd_30-10', 'macdsignal_30-10', 'macdhist_30-10']"
182,logic00183,"['bb', 'sma_80', 'lower_80_dev_1', 'upper_80_dev_1']",,
183,logic00184,"['bb', 'sma_80', 'lower_80_dev_1', 'upper_80_dev_1']","['rsi', 'rsi_22']",
184,logic00185,"['bb', 'sma_80', 'lower_80_dev_2', 'upper_80_dev_2']",,
185,logic00186,"['bb', 'sma_80', 'lower_80_dev_2', 'upper_80_dev_2']","['rsi', 'rsi_22']",
186,logic00187,"['bb', 'sma_80', 'lower_80_dev_3', 'upper_80_dev_3']",,
187,logic00188,"['bb', 'sma_80', 'lower_80_dev_3', 'upper_80_dev_3']","['rsi', 'rsi_22']",
188,logic00189,"['rsi', 'rsi_14']",,
189,logic00190,"['sma_slope', 'sma_80', 'sma_20']","['rsi', 'rsi_14']",
190,logic00191,"['sma_slope', 'sma_80', 'sma_20']","['rsi', 'rsi_14']","['macd', 'macd_30-10', 'macdsignal_30-10', 'macdhist_30-10']"
191,logic00192,"['bb', 'sma_80', 'lower_80_dev_1', 'upper_80_dev_1']",,
192,logic00193,"['bb', 'sma_80', 'lower_80_dev_1', 'upper_80_dev_1']","['rsi', 'rsi_14']",
193,logic00194,"['bb', 'sma_80', 'lower_80_dev_2', 'upper_80_dev_2']",,
194,logic00195,"['bb', 'sma_80', 'lower_80_dev_2', 'upper_80_dev_2']","['rsi', 'rsi_14']",
195,logic00196,"['bb', 'sma_80', 'lower_80_dev_3', 'upper_80_dev_3']",,
196,logic00197,"['bb', 'sma_80', 'lower_80_dev_3', 'upper_80_dev_3']","['rsi', 'rsi_14']",
197,logic00198,"['rsi', 'rsi_9']",,
198,logic00199,"['sma_slope', 'sma_80', 'sma_20']","['rsi', 'rsi_9']",
199,logic00200,"['sma_slope', 'sma_80', 'sma_20']","['rsi', 'rsi_9']","['macd', 'macd_30-10', 'macdsignal_30-10', 'macdhist_30-10']"
200,logic00201,"['bb', 'sma_80', 'lower_80_dev_1', 'upper_80_dev_1']",,
201,logic00202,"['bb', 'sma_80', 'lower_80_dev_1', 'upper_80_dev_1']","['rsi', 'rsi_9']",
202,logic00203,"['bb', 'sma_80', 'lower_80_dev_2', 'upper_80_dev_2']",,
203,logic00204,"['bb', 'sma_80', 'lower_80_dev_2', 'upper_80_dev_2']","['rsi', 'rsi_9']",
204,logic00205,"['bb', 'sma_80', 'lower_80_dev_3', 'upper_80_dev_3']",,
205,logic00206,"['bb', 'sma_80', 'lower_80_dev_3', 'upper_80_dev_3']","['rsi', 'rsi_9']",
206,logic00207,"['macd', 'macd_30-20', 'macdsignal_30-20', 'macdhist_30-20']",,
207,logic00208,"['sma_slope', 'sma_80', 'sma_20']","['macd', 'macd_30-20', 'macdsignal_30-20', 'macdhist_30-20']",
208,logic00209,"['rsi', 'rsi_22']",,
209,logic00210,"['sma_slope', 'sma_80', 'sma_20']","['rsi', 'rsi_22']",
210,logic00211,"['sma_slope', 'sma_80', 'sma_20']","['rsi', 'rsi_22']","['macd', 'macd_30-20', 'macdsignal_30-20', 'macdhist_30-20']"
211,logic00212,"['bb', 'sma_80', 'lower_80_dev_1', 'upper_80_dev_1']",,
212,logic00213,"['bb', 'sma_80', 'lower_80_dev_1', 'upper_80_dev_1']","['rsi', 'rsi_22']",
213,logic00214,"['bb', 'sma_80', 'lower_80_dev_2', 'upper_80_dev_2']",,
214,logic00215,"['bb', 'sma_80', 'lower_80_dev_2', 'upper_80_dev_2']","['rsi', 'rsi_22']",
215,logic00216,"['bb', 'sma_80', 'lower_80_dev_3', 'upper_80_dev_3']",,
216,logic00217,"['bb', 'sma_80', 'lower_80_dev_3', 'upper_80_dev_3']","['rsi', 'rsi_22']",
217,logic00218,"['rsi', 'rsi_14']",,
218,logic00219,"['sma_slope', 'sma_80', 'sma_20']","['rsi', 'rsi_14']",
219,logic00220,"['sma_slope', 'sma_80', 'sma_20']","['rsi', 'rsi_14']","['macd', 'macd_30-20', 'macdsignal_30-20', 'macdhist_30-20']"
220,logic00221,"['bb', 'sma_80', 'lower_80_dev_1', 'upper_80_dev_1']",,
221,logic00222,"['bb', 'sma_80', 'lower_80_dev_1', 'upper_80_dev_1']","['rsi', 'rsi_14']",
222,logic00223,"['bb', 'sma_80', 'lower_80_dev_2', 'upper_80_dev_2']",,
223,logic00224,"['bb', 'sma_80', 'lower_80_dev_2', 'upper_80_dev_2']","['rsi', 'rsi_14']",
224,logic00225,"['bb', 'sma_80', 'lower_80_dev_3', 'upper_80_dev_3']",,
225,logic00226,"['bb', 'sma_80', 'lower_80_dev_3', 'upper_80_dev_3']","['rsi', 'rsi_14']",
226,logic00227,"['rsi', 'rsi_9']",,
227,logic00228,"['sma_slope', 'sma_80', 'sma_20']","['rsi', 'rsi_9']",
228,logic00229,"['sma_slope', 'sma_80', 'sma_20']","['rsi', 'rsi_9']","['macd', 'macd_30-20', 'macdsignal_30-20', 'macdhist_30-20']"
229,logic00230,"['bb', 'sma_80', 'lower_80_dev_1', 'upper_80_dev_1']",,
230,logic00231,"['bb', 'sma_80', 'lower_80_dev_1', 'upper_80_dev_1']","['rsi', 'rsi_9']",
231,logic00232,"['bb', 'sma_80', 'lower_80_dev_2', 'upper_80_dev_2']",,
232,logic00233,"['bb', 'sma_80', 'lower_80_dev_2', 'upper_80_dev_2']","['rsi', 'rsi_9']",
233,logic00234,"['bb', 'sma_80', 'lower_80_dev_3', 'upper_80_dev_3']",,
234,logic00235,"['bb', 'sma_80', 'lower_80_dev_3', 'upper_80_dev_3']","['rsi', 'rsi_9']",
235,logic00236,"['macd', 'macd_20-10', 'macdsignal_20-10', 'macdhist_20-10']",,
236,logic00237,"['sma_slope', 'sma_80', 'sma_20']","['macd', 'macd_20-10', 'macdsignal_20-10', 'macdhist_20-10']",
237,logic00238,"['rsi', 'rsi_22']",,
238,logic00239,"['sma_slope', 'sma_80', 'sma_20']","['rsi', 'rsi_22']",
239,logic00240,"['sma_slope', 'sma_80', 'sma_20']","['rsi', 'rsi_22']","['macd', 'macd_20-10', 'macdsignal_20-10', 'macdhist_20-10']"
240,logic00241,"['bb', 'sma_80', 'lower_80_dev_1', 'upper_80_dev_1']",,
241,logic00242,"['bb', 'sma_80', 'lower_80_dev_1', 'upper_80_dev_1']","['rsi', 'rsi_22']",
242,logic00243,"['bb', 'sma_80', 'lower_80_dev_2', 'upper_80_dev_2']",,
243,logic00244,"['bb', 'sma_80', 'lower_80_dev_2', 'upper_80_dev_2']","['rsi', 'rsi_22']",
244,logic00245,"['bb', 'sma_80', 'lower_80_dev_3', 'upper_80_dev_3']",,
245,logic00246,"['bb', 'sma_80', 'lower_80_dev_3', 'upper_80_dev_3']","['rsi', 'rsi_22']",
246,logic00247,"['rsi', 'rsi_14']",,
247,logic00248,"['sma_slope', 'sma_80', 'sma_20']","['rsi', 'rsi_14']",
248,logic00249,"['sma_slope', 'sma_80', 'sma_20']","['rsi', 'rsi_14']","['macd', 'macd_20-10', 'macdsignal_20-10', 'macdhist_20-10']"
249,logic00250,"['bb', 'sma_80', 'lower_80_dev_1', 'upper_80_dev_1']",,
250,logic00251,"['bb', 'sma_80', 'lower_80_dev_1', 'upper_80_dev_1']","['rsi', 'rsi_14']",
251,logic00252,"['bb', 'sma_80', 'lower_80_dev_2', 'upper_80_dev_2']",,
252,logic00253,"['bb', 'sma_80', 'lower_80_dev_2', 'upper_80_dev_2']","['rsi', 'rsi_14']",
253,logic00254,"['bb', 'sma_80', 'lower_80_dev_3', 'upper_80_dev_3']",,
254,logic00255,"['bb', 'sma_80', 'lower_80_dev_3', 'upper_80_dev_3']","['rsi', 'rsi_14']",
255,logic00256,"['rsi', 'rsi_9']",,
256,logic00257,"['sma_slope', 'sma_80', 'sma_20']","['rsi', 'rsi_9']",
257,logic00258,"['sma_slope', 'sma_80', 'sma_20']","['rsi', 'rsi_9']","['macd', 'macd_20-10', 'macdsignal_20-10', 'macdhist_20-10']"
258,logic00259,"['bb', 'sma_80', 'lower_80_dev_1', 'upper_80_dev_1']",,
259,logic00260,"['bb', 'sma_80', 'lower_80_dev_1', 'upper_80_dev_1']","['rsi', 'rsi_9']",
260,logic00261,"['bb', 'sma_80', 'lower_80_dev_2', 'upper_80_dev_2']",,
261,logic00262,"['bb', 'sma_80', 'lower_80_dev_2', 'upper_80_dev_2']","['rsi', 'rsi_9']",
262,logic00263,"['bb', 'sma_80', 'lower_80_dev_3', 'upper_80_dev_3']",,
263,logic00264,"['bb', 'sma_80', 'lower_80_dev_3', 'upper_80_dev_3']","['rsi', 'rsi_9']",
264,logic00265,"['sma_slope', 'sma_80', 'sma_40']",,
265,logic00266,"['macd', 'macd_30-10', 'macdsignal_30-10', 'macdhist_30-10']",,
266,logic00267,"['sma_slope', 'sma_80', 'sma_40']","['macd', 'macd_30-10', 'macdsignal_30-10', 'macdhist_30-10']",
267,logic00268,"['rsi', 'rsi_22']",,
268,logic00269,"['sma_slope', 'sma_80', 'sma_40']","['rsi', 'rsi_22']",
269,logic00270,"['sma_slope', 'sma_80', 'sma_40']","['rsi', 'rsi_22']","['macd', 'macd_30-10', 'macdsignal_30-10', 'macdhist_30-10']"
270,logic00271,"['bb', 'sma_80', 'lower_80_dev_1', 'upper_80_dev_1']",,
271,logic00272,"['bb', 'sma_80', 'lower_80_dev_1', 'upper_80_dev_1']","['rsi', 'rsi_22']",
272,logic00273,"['bb', 'sma_80', 'lower_80_dev_2', 'upper_80_dev_2']",,
273,logic00274,"['bb', 'sma_80', 'lower_80_dev_2', 'upper_80_dev_2']","['rsi', 'rsi_22']",
274,logic00275,"['bb', 'sma_80', 'lower_80_dev_3', 'upper_80_dev_3']",,
275,logic00276,"['bb', 'sma_80', 'lower_80_dev_3', 'upper_80_dev_3']","['rsi', 'rsi_22']",
276,logic00277,"['rsi', 'rsi_14']",,
277,logic00278,"['sma_slope', 'sma_80', 'sma_40']","['rsi', 'rsi_14']",
278,logic00279,"['sma_slope', 'sma_80', 'sma_40']","['rsi', 'rsi_14']","['macd', 'macd_30-10', 'macdsignal_30-10', 'macdhist_30-10']"
279,logic00280,"['bb', 'sma_80', 'lower_80_dev_1', 'upper_80_dev_1']",,
280,logic00281,"['bb', 'sma_80', 'lower_80_dev_1', 'upper_80_dev_1']","['rsi', 'rsi_14']",
281,logic00282,"['bb', 'sma_80', 'lower_80_dev_2', 'upper_80_dev_2']",,
282,logic00283,"['bb', 'sma_80', 'lower_80_dev_2', 'upper_80_dev_2']","['rsi', 'rsi_14']",
283,logic00284,"['bb', 'sma_80', 'lower_80_dev_3', 'upper_80_dev_3']",,
284,logic00285,"['bb', 'sma_80', 'lower_80_dev_3', 'upper_80_dev_3']","['rsi', 'rsi_14']",
285,logic00286,"['rsi', 'rsi_9']",,
286,logic00287,"['sma_slope', 'sma_80', 'sma_40']","['rsi', 'rsi_9']",
287,logic00288,"['sma_slope', 'sma_80', 'sma_40']","['rsi', 'rsi_9']","['macd', 'macd_30-10', 'macdsignal_30-10', 'macdhist_30-10']"
288,logic00289,"['bb', 'sma_80', 'lower_80_dev_1', 'upper_80_dev_1']",,
289,logic00290,"['bb', 'sma_80', 'lower_80_dev_1', 'upper_80_dev_1']","['rsi', 'rsi_9']",
290,logic00291,"['bb', 'sma_80', 'lower_80_dev_2', 'upper_80_dev_2']",,
291,logic00292,"['bb', 'sma_80', 'lower_80_dev_2', 'upper_80_dev_2']","['rsi', 'rsi_9']",
292,logic00293,"['bb', 'sma_80', 'lower_80_dev_3', 'upper_80_dev_3']",,
293,logic00294,"['bb', 'sma_80', 'lower_80_dev_3', 'upper_80_dev_3']","['rsi', 'rsi_9']",
294,logic00295,"['macd', 'macd_30-20', 'macdsignal_30-20', 'macdhist_30-20']",,
295,logic00296,"['sma_slope', 'sma_80', 'sma_40']","['macd', 'macd_30-20', 'macdsignal_30-20', 'macdhist_30-20']",
296,logic00297,"['rsi', 'rsi_22']",,
297,logic00298,"['sma_slope', 'sma_80', 'sma_40']","['rsi', 'rsi_22']",
298,logic00299,"['sma_slope', 'sma_80', 'sma_40']","['rsi', 'rsi_22']","['macd', 'macd_30-20', 'macdsignal_30-20', 'macdhist_30-20']"
299,logic00300,"['bb', 'sma_80', 'lower_80_dev_1', 'upper_80_dev_1']",,
300,logic00301,"['bb', 'sma_80', 'lower_80_dev_1', 'upper_80_dev_1']","['rsi', 'rsi_22']",
301,logic00302,"['bb', 'sma_80', 'lower_80_dev_2', 'upper_80_dev_2']",,
302,logic00303,"['bb', 'sma_80', 'lower_80_dev_2', 'upper_80_dev_2']","['rsi', 'rsi_22']",
303,logic00304,"['bb', 'sma_80', 'lower_80_dev_3', 'upper_80_dev_3']",,
304,logic00305,"['bb', 'sma_80', 'lower_80_dev_3', 'upper_80_dev_3']","['rsi', 'rsi_22']",
305,logic00306,"['rsi', 'rsi_14']",,
306,logic00307,"['sma_slope', 'sma_80', 'sma_40']","['rsi', 'rsi_14']",
307,logic00308,"['sma_slope', 'sma_80', 'sma_40']","['rsi', 'rsi_14']","['macd', 'macd_30-20', 'macdsignal_30-20', 'macdhist_30-20']"
308,logic00309,"['bb', 'sma_80', 'lower_80_dev_1', 'upper_80_dev_1']",,
309,logic00310,"['bb', 'sma_80', 'lower_80_dev_1', 'upper_80_dev_1']","['rsi', 'rsi_14']",
310,logic00311,"['bb', 'sma_80', 'lower_80_dev_2', 'upper_80_dev_2']",,
311,logic00312,"['bb', 'sma_80', 'lower_80_dev_2', 'upper_80_dev_2']","['rsi', 'rsi_14']",
312,logic00313,"['bb', 'sma_80', 'lower_80_dev_3', 'upper_80_dev_3']",,
313,logic00314,"['bb', 'sma_80', 'lower_80_dev_3', 'upper_80_dev_3']","['rsi', 'rsi_14']",
314,logic00315,"['rsi', 'rsi_9']",,
315,logic00316,"['sma_slope', 'sma_80', 'sma_40']","['rsi', 'rsi_9']",
316,logic00317,"['sma_slope', 'sma_80', 'sma_40']","['rsi', 'rsi_9']","['macd', 'macd_30-20', 'macdsignal_30-20', 'macdhist_30-20']"
317,logic00318,"['bb', 'sma_80', 'lower_80_dev_1', 'upper_80_dev_1']",,
318,logic00319,"['bb', 'sma_80', 'lower_80_dev_1', 'upper_80_dev_1']","['rsi', 'rsi_9']",
319,logic00320,"['bb', 'sma_80', 'lower_80_dev_2', 'upper_80_dev_2']",,
320,logic00321,"['bb', 'sma_80', 'lower_80_dev_2', 'upper_80_dev_2']","['rsi', 'rsi_9']",
321,logic00322,"['bb', 'sma_80', 'lower_80_dev_3', 'upper_80_dev_3']",,
322,logic00323,"['bb', 'sma_80', 'lower_80_dev_3', 'upper_80_dev_3']","['rsi', 'rsi_9']",
323,logic00324,"['macd', 'macd_20-10', 'macdsignal_20-10', 'macdhist_20-10']",,
324,logic00325,"['sma_slope', 'sma_80', 'sma_40']","['macd', 'macd_20-10', 'macdsignal_20-10', 'macdhist_20-10']",
325,logic00326,"['rsi', 'rsi_22']",,
326,logic00327,"['sma_slope', 'sma_80', 'sma_40']","['rsi', 'rsi_22']",
327,logic00328,"['sma_slope', 'sma_80', 'sma_40']","['rsi', 'rsi_22']","['macd', 'macd_20-10', 'macdsignal_20-10', 'macdhist_20-10']"
328,logic00329,"['bb', 'sma_80', 'lower_80_dev_1', 'upper_80_dev_1']",,
329,logic00330,"['bb', 'sma_80', 'lower_80_dev_1', 'upper_80_dev_1']","['rsi', 'rsi_22']",
330,logic00331,"['bb', 'sma_80', 'lower_80_dev_2', 'upper_80_dev_2']",,
331,logic00332,"['bb', 'sma_80', 'lower_80_dev_2', 'upper_80_dev_2']","['rsi', 'rsi_22']",
332,logic00333,"['bb', 'sma_80', 'lower_80_dev_3', 'upper_80_dev_3']",,
333,logic00334,"['bb', 'sma_80', 'lower_80_dev_3', 'upper_80_dev_3']","['rsi', 'rsi_22']",
334,logic00335,"['rsi', 'rsi_14']",,
335,logic00336,"['sma_slope', 'sma_80', 'sma_40']","['rsi', 'rsi_14']",
336,logic00337,"['sma_slope', 'sma_80', 'sma_40']","['rsi', 'rsi_14']","['macd', 'macd_20-10', 'macdsignal_20-10', 'macdhist_20-10']"
337,logic00338,"['bb', 'sma_80', 'lower_80_dev_1', 'upper_80_dev_1']",,
338,logic00339,"['bb', 'sma_80', 'lower_80_dev_1', 'upper_80_dev_1']","['rsi', 'rsi_14']",
339,logic00340,"['bb', 'sma_80', 'lower_80_dev_2', 'upper_80_dev_2']",,
340,logic00341,"['bb', 'sma_80', 'lower_80_dev_2', 'upper_80_dev_2']","['rsi', 'rsi_14']",
341,logic00342,"['bb', 'sma_80', 'lower_80_dev_3', 'upper_80_dev_3']",,
342,logic00343,"['bb', 'sma_80', 'lower_80_dev_3', 'upper_80_dev_3']","['rsi', 'rsi_14']",
343,logic00344,"['rsi', 'rsi_9']",,
344,logic00345,"['sma_slope', 'sma_80', 'sma_40']","['rsi', 'rsi_9']",
345,logic00346,"['sma_slope', 'sma_80', 'sma_40']","['rsi', 'rsi_9']","['macd', 'macd_20-10', 'macdsignal_20-10', 'macdhist_20-10']"
346,logic00347,"['bb', 'sma_80', 'lower_80_dev_1', 'upper_80_dev_1']",,
347,logic00348,"['bb', 'sma_80', 'lower_80_dev_1', 'upper_80_dev_1']","['rsi', 'rsi_9']",
348,logic00349,"['bb', 'sma_80', 'lower_80_dev_2', 'upper_80_dev_2']",,
349,logic00350,"['bb', 'sma_80', 'lower_80_dev_2', 'upper_80_dev_2']","['rsi', 'rsi_9']",
350,logic00351,"['bb', 'sma_80', 'lower_80_dev_3', 'upper_80_dev_3']",,
351,logic00352,"['bb', 'sma_80', 'lower_80_dev_3', 'upper_80_dev_3']","['rsi', 'rsi_9']",
352,logic00353,"['sma_slope', 'sma_40', 'sma_5']",,
353,logic00354,"['macd', 'macd_30-10', 'macdsignal_30-10', 'macdhist_30-10']",,
354,logic00355,"['sma_slope', 'sma_40', 'sma_5']","['macd', 'macd_30-10', 'macdsignal_30-10', 'macdhist_30-10']",
355,logic00356,"['rsi', 'rsi_22']",,
356,logic00357,"['sma_slope', 'sma_40', 'sma_5']","['rsi', 'rsi_22']",
357,logic00358,"['sma_slope', 'sma_40', 'sma_5']","['rsi', 'rsi_22']","['macd', 'macd_30-10', 'macdsignal_30-10', 'macdhist_30-10']"
358,logic00359,"['bb', 'sma_40', 'lower_40_dev_1', 'upper_40_dev_1']",,
359,logic00360,"['bb', 'sma_40', 'lower_40_dev_1', 'upper_40_dev_1']","['rsi', 'rsi_22']",
360,logic00361,"['bb', 'sma_40', 'lower_40_dev_2', 'upper_40_dev_2']",,
361,logic00362,"['bb', 'sma_40', 'lower_40_dev_2', 'upper_40_dev_2']","['rsi', 'rsi_22']",
362,logic00363,"['bb', 'sma_40', 'lower_40_dev_3', 'upper_40_dev_3']",,
363,logic00364,"['bb', 'sma_40', 'lower_40_dev_3', 'upper_40_dev_3']","['rsi', 'rsi_22']",
364,logic00365,"['rsi', 'rsi_14']",,
365,logic00366,"['sma_slope', 'sma_40', 'sma_5']","['rsi', 'rsi_14']",
366,logic00367,"['sma_slope', 'sma_40', 'sma_5']","['rsi', 'rsi_14']","['macd', 'macd_30-10', 'macdsignal_30-10', 'macdhist_30-10']"
367,logic00368,"['bb', 'sma_40', 'lower_40_dev_1', 'upper_40_dev_1']",,
368,logic00369,"['bb', 'sma_40', 'lower_40_dev_1', 'upper_40_dev_1']","['rsi', 'rsi_14']",
369,logic00370,"['bb', 'sma_40', 'lower_40_dev_2', 'upper_40_dev_2']",,
370,logic00371,"['bb', 'sma_40', 'lower_40_dev_2', 'upper_40_dev_2']","['rsi', 'rsi_14']",
371,logic00372,"['bb', 'sma_40', 'lower_40_dev_3', 'upper_40_dev_3']",,
372,logic00373,"['bb', 'sma_40', 'lower_40_dev_3', 'upper_40_dev_3']","['rsi', 'rsi_14']",
373,logic00374,"['rsi', 'rsi_9']",,
374,logic00375,"['sma_slope', 'sma_40', 'sma_5']","['rsi', 'rsi_9']",
375,logic00376,"['sma_slope', 'sma_40', 'sma_5']","['rsi', 'rsi_9']","['macd', 'macd_30-10', 'macdsignal_30-10', 'macdhist_30-10']"
376,logic00377,"['bb', 'sma_40', 'lower_40_dev_1', 'upper_40_dev_1']",,
377,logic00378,"['bb', 'sma_40', 'lower_40_dev_1', 'upper_40_dev_1']","['rsi', 'rsi_9']",
378,logic00379,"['bb', 'sma_40', 'lower_40_dev_2', 'upper_40_dev_2']",,
379,logic00380,"['bb', 'sma_40', 'lower_40_dev_2', 'upper_40_dev_2']","['rsi', 'rsi_9']",
380,logic00381,"['bb', 'sma_40', 'lower_40_dev_3', 'upper_40_dev_3']",,
381,logic00382,"['bb', 'sma_40', 'lower_40_dev_3', 'upper_40_dev_3']","['rsi', 'rsi_9']",
382,logic00383,"['macd', 'macd_30-20', 'macdsignal_30-20', 'macdhist_30-20']",,
383,logic00384,"['sma_slope', 'sma_40', 'sma_5']","['macd', 'macd_30-20', 'macdsignal_30-20', 'macdhist_30-20']",
384,logic00385,"['rsi', 'rsi_22']",,
385,logic00386,"['sma_slope', 'sma_40', 'sma_5']","['rsi', 'rsi_22']",
386,logic00387,"['sma_slope', 'sma_40', 'sma_5']","['rsi', 'rsi_22']","['macd', 'macd_30-20', 'macdsignal_30-20', 'macdhist_30-20']"
387,logic00388,"['bb', 'sma_40', 'lower_40_dev_1', 'upper_40_dev_1']",,
388,logic00389,"['bb', 'sma_40', 'lower_40_dev_1', 'upper_40_dev_1']","['rsi', 'rsi_22']",
389,logic00390,"['bb', 'sma_40', 'lower_40_dev_2', 'upper_40_dev_2']",,
390,logic00391,"['bb', 'sma_40', 'lower_40_dev_2', 'upper_40_dev_2']","['rsi', 'rsi_22']",
391,logic00392,"['bb', 'sma_40', 'lower_40_dev_3', 'upper_40_dev_3']",,
392,logic00393,"['bb', 'sma_40', 'lower_40_dev_3', 'upper_40_dev_3']","['rsi', 'rsi_22']",
393,logic00394,"['rsi', 'rsi_14']",,
394,logic00395,"['sma_slope', 'sma_40', 'sma_5']","['rsi', 'rsi_14']",
395,logic00396,"['sma_slope', 'sma_40', 'sma_5']","['rsi', 'rsi_14']","['macd', 'macd_30-20', 'macdsignal_30-20', 'macdhist_30-20']"
396,logic00397,"['bb', 'sma_40', 'lower_40_dev_1', 'upper_40_dev_1']",,
397,logic00398,"['bb', 'sma_40', 'lower_40_dev_1', 'upper_40_dev_1']","['rsi', 'rsi_14']",
398,logic00399,"['bb', 'sma_40', 'lower_40_dev_2', 'upper_40_dev_2']",,
399,logic00400,"['bb', 'sma_40', 'lower_40_dev_2', 'upper_40_dev_2']","['rsi', 'rsi_14']",
400,logic00401,"['bb', 'sma_40', 'lower_40_dev_3', 'upper_40_dev_3']",,
401,logic00402,"['bb', 'sma_40', 'lower_40_dev_3', 'upper_40_dev_3']","['rsi', 'rsi_14']",
402,logic00403,"['rsi', 'rsi_9']",,
403,logic00404,"['sma_slope', 'sma_40', 'sma_5']","['rsi', 'rsi_9']",
404,logic00405,"['sma_slope', 'sma_40', 'sma_5']","['rsi', 'rsi_9']","['macd', 'macd_30-20', 'macdsignal_30-20', 'macdhist_30-20']"
405,logic00406,"['bb', 'sma_40', 'lower_40_dev_1', 'upper_40_dev_1']",,
406,logic00407,"['bb', 'sma_40', 'lower_40_dev_1', 'upper_40_dev_1']","['rsi', 'rsi_9']",
407,logic00408,"['bb', 'sma_40', 'lower_40_dev_2', 'upper_40_dev_2']",,
408,logic00409,"['bb', 'sma_40', 'lower_40_dev_2', 'upper_40_dev_2']","['rsi', 'rsi_9']",
409,logic00410,"['bb', 'sma_40', 'lower_40_dev_3', 'upper_40_dev_3']",,
410,logic00411,"['bb', 'sma_40', 'lower_40_dev_3', 'upper_40_dev_3']","['rsi', 'rsi_9']",
411,logic00412,"['macd', 'macd_20-10', 'macdsignal_20-10', 'macdhist_20-10']",,
412,logic00413,"['sma_slope', 'sma_40', 'sma_5']","['macd', 'macd_20-10', 'macdsignal_20-10', 'macdhist_20-10']",
413,logic00414,"['rsi', 'rsi_22']",,
414,logic00415,"['sma_slope', 'sma_40', 'sma_5']","['rsi', 'rsi_22']",
415,logic00416,"['sma_slope', 'sma_40', 'sma_5']","['rsi', 'rsi_22']","['macd', 'macd_20-10', 'macdsignal_20-10', 'macdhist_20-10']"
416,logic00417,"['bb', 'sma_40', 'lower_40_dev_1', 'upper_40_dev_1']",,
417,logic00418,"['bb', 'sma_40', 'lower_40_dev_1', 'upper_40_dev_1']","['rsi', 'rsi_22']",
418,logic00419,"['bb', 'sma_40', 'lower_40_dev_2', 'upper_40_dev_2']",,
419,logic00420,"['bb', 'sma_40', 'lower_40_dev_2', 'upper_40_dev_2']","['rsi', 'rsi_22']",
420,logic00421,"['bb', 'sma_40', 'lower_40_dev_3', 'upper_40_dev_3']",,
421,logic00422,"['bb', 'sma_40', 'lower_40_dev_3', 'upper_40_dev_3']","['rsi', 'rsi_22']",
422,logic00423,"['rsi', 'rsi_14']",,
423,logic00424,"['sma_slope', 'sma_40', 'sma_5']","['rsi', 'rsi_14']",
424,logic00425,"['sma_slope', 'sma_40', 'sma_5']","['rsi', 'rsi_14']","['macd', 'macd_20-10', 'macdsignal_20-10', 'macdhist_20-10']"
425,logic00426,"['bb', 'sma_40', 'lower_40_dev_1', 'upper_40_dev_1']",,
426,logic00427,"['bb', 'sma_40', 'lower_40_dev_1', 'upper_40_dev_1']","['rsi', 'rsi_14']",
427,logic00428,"['bb', 'sma_40', 'lower_40_dev_2', 'upper_40_dev_2']",,
428,logic00429,"['bb', 'sma_40', 'lower_40_dev_2', 'upper_40_dev_2']","['rsi', 'rsi_14']",
429,logic00430,"['bb', 'sma_40', 'lower_40_dev_3', 'upper_40_dev_3']",,
430,logic00431,"['bb', 'sma_40', 'lower_40_dev_3', 'upper_40_dev_3']","['rsi', 'rsi_14']",
431,logic00432,"['rsi', 'rsi_9']",,
432,logic00433,"['sma_slope', 'sma_40', 'sma_5']","['rsi', 'rsi_9']",
433,logic00434,"['sma_slope', 'sma_40', 'sma_5']","['rsi', 'rsi_9']","['macd', 'macd_20-10', 'macdsignal_20-10', 'macdhist_20-10']"
434,logic00435,"['bb', 'sma_40', 'lower_40_dev_1', 'upper_40_dev_1']",,
435,logic00436,"['bb', 'sma_40', 'lower_40_dev_1', 'upper_40_dev_1']","['rsi', 'rsi_9']",
436,logic00437,"['bb', 'sma_40', 'lower_40_dev_2', 'upper_40_dev_2']",,
437,logic00438,"['bb', 'sma_40', 'lower_40_dev_2', 'upper_40_dev_2']","['rsi', 'rsi_9']",
438,logic00439,"['bb', 'sma_40', 'lower_40_dev_3', 'upper_40_dev_3']",,
439,logic00440,"['bb', 'sma_40', 'lower_40_dev_3', 'upper_40_dev_3']","['rsi', 'rsi_9']",
440,logic00441,"['sma_slope', 'sma_40', 'sma_10']",,
441,logic00442,"['macd', 'macd_30-10', 'macdsignal_30-10', 'macdhist_30-10']",,
442,logic00443,"['sma_slope', 'sma_40', 'sma_10']","['macd', 'macd_30-10', 'macdsignal_30-10', 'macdhist_30-10']",
443,logic00444,"['rsi', 'rsi_22']",,
444,logic00445,"['sma_slope', 'sma_40', 'sma_10']","['rsi', 'rsi_22']",
445,logic00446,"['sma_slope', 'sma_40', 'sma_10']","['rsi', 'rsi_22']","['macd', 'macd_30-10', 'macdsignal_30-10', 'macdhist_30-10']"
446,logic00447,"['bb', 'sma_40', 'lower_40_dev_1', 'upper_40_dev_1']",,
447,logic00448,"['bb', 'sma_40', 'lower_40_dev_1', 'upper_40_dev_1']","['rsi', 'rsi_22']",
448,logic00449,"['bb', 'sma_40', 'lower_40_dev_2', 'upper_40_dev_2']",,
449,logic00450,"['bb', 'sma_40', 'lower_40_dev_2', 'upper_40_dev_2']","['rsi', 'rsi_22']",
450,logic00451,"['bb', 'sma_40', 'lower_40_dev_3', 'upper_40_dev_3']",,
451,logic00452,"['bb', 'sma_40', 'lower_40_dev_3', 'upper_40_dev_3']","['rsi', 'rsi_22']",
452,logic00453,"['rsi', 'rsi_14']",,
453,logic00454,"['sma_slope', 'sma_40', 'sma_10']","['rsi', 'rsi_14']",
454,logic00455,"['sma_slope', 'sma_40', 'sma_10']","['rsi', 'rsi_14']","['macd', 'macd_30-10', 'macdsignal_30-10', 'macdhist_30-10']"
455,logic00456,"['bb', 'sma_40', 'lower_40_dev_1', 'upper_40_dev_1']",,
456,logic00457,"['bb', 'sma_40', 'lower_40_dev_1', 'upper_40_dev_1']","['rsi', 'rsi_14']",
457,logic00458,"['bb', 'sma_40', 'lower_40_dev_2', 'upper_40_dev_2']",,
458,logic00459,"['bb', 'sma_40', 'lower_40_dev_2', 'upper_40_dev_2']","['rsi', 'rsi_14']",
459,logic00460,"['bb', 'sma_40', 'lower_40_dev_3', 'upper_40_dev_3']",,
460,logic00461,"['bb', 'sma_40', 'lower_40_dev_3', 'upper_40_dev_3']","['rsi', 'rsi_14']",
461,logic00462,"['rsi', 'rsi_9']",,
462,logic00463,"['sma_slope', 'sma_40', 'sma_10']","['rsi', 'rsi_9']",
463,logic00464,"['sma_slope', 'sma_40', 'sma_10']","['rsi', 'rsi_9']","['macd', 'macd_30-10', 'macdsignal_30-10', 'macdhist_30-10']"
464,logic00465,"['bb', 'sma_40', 'lower_40_dev_1', 'upper_40_dev_1']",,
465,logic00466,"['bb', 'sma_40', 'lower_40_dev_1', 'upper_40_dev_1']","['rsi', 'rsi_9']",
466,logic00467,"['bb', 'sma_40', 'lower_40_dev_2', 'upper_40_dev_2']",,
467,logic00468,"['bb', 'sma_40', 'lower_40_dev_2', 'upper_40_dev_2']","['rsi', 'rsi_9']",
468,logic00469,"['bb', 'sma_40', 'lower_40_dev_3', 'upper_40_dev_3']",,
469,logic00470,"['bb', 'sma_40', 'lower_40_dev_3', 'upper_40_dev_3']","['rsi', 'rsi_9']",
470,logic00471,"['macd', 'macd_30-20', 'macdsignal_30-20', 'macdhist_30-20']",,
471,logic00472,"['sma_slope', 'sma_40', 'sma_10']","['macd', 'macd_30-20', 'macdsignal_30-20', 'macdhist_30-20']",
472,logic00473,"['rsi', 'rsi_22']",,
473,logic00474,"['sma_slope', 'sma_40', 'sma_10']","['rsi', 'rsi_22']",
474,logic00475,"['sma_slope', 'sma_40', 'sma_10']","['rsi', 'rsi_22']","['macd', 'macd_30-20', 'macdsignal_30-20', 'macdhist_30-20']"
475,logic00476,"['bb', 'sma_40', 'lower_40_dev_1', 'upper_40_dev_1']",,
476,logic00477,"['bb', 'sma_40', 'lower_40_dev_1', 'upper_40_dev_1']","['rsi', 'rsi_22']",
477,logic00478,"['bb', 'sma_40', 'lower_40_dev_2', 'upper_40_dev_2']",,
478,logic00479,"['bb', 'sma_40', 'lower_40_dev_2', 'upper_40_dev_2']","['rsi', 'rsi_22']",
479,logic00480,"['bb', 'sma_40', 'lower_40_dev_3', 'upper_40_dev_3']",,
480,logic00481,"['bb', 'sma_40', 'lower_40_dev_3', 'upper_40_dev_3']","['rsi', 'rsi_22']",
481,logic00482,"['rsi', 'rsi_14']",,
482,logic00483,"['sma_slope', 'sma_40', 'sma_10']","['rsi', 'rsi_14']",
483,logic00484,"['sma_slope', 'sma_40', 'sma_10']","['rsi', 'rsi_14']","['macd', 'macd_30-20', 'macdsignal_30-20', 'macdhist_30-20']"
484,logic00485,"['bb', 'sma_40', 'lower_40_dev_1', 'upper_40_dev_1']",,
485,logic00486,"['bb', 'sma_40', 'lower_40_dev_1', 'upper_40_dev_1']","['rsi', 'rsi_14']",
486,logic00487,"['bb', 'sma_40', 'lower_40_dev_2', 'upper_40_dev_2']",,
487,logic00488,"['bb', 'sma_40', 'lower_40_dev_2', 'upper_40_dev_2']","['rsi', 'rsi_14']",
488,logic00489,"['bb', 'sma_40', 'lower_40_dev_3', 'upper_40_dev_3']",,
489,logic00490,"['bb', 'sma_40', 'lower_40_dev_3', 'upper_40_dev_3']","['rsi', 'rsi_14']",
490,logic00491,"['rsi', 'rsi_9']",,
491,logic00492,"['sma_slope', 'sma_40', 'sma_10']","['rsi', 'rsi_9']",
492,logic00493,"['sma_slope', 'sma_40', 'sma_10']","['rsi', 'rsi_9']","['macd', 'macd_30-20', 'macdsignal_30-20', 'macdhist_30-20']"
493,logic00494,"['bb', 'sma_40', 'lower_40_dev_1', 'upper_40_dev_1']",,
494,logic00495,"['bb', 'sma_40', 'lower_40_dev_1', 'upper_40_dev_1']","['rsi', 'rsi_9']",
495,logic00496,"['bb', 'sma_40', 'lower_40_dev_2', 'upper_40_dev_2']",,
496,logic00497,"['bb', 'sma_40', 'lower_40_dev_2', 'upper_40_dev_2']","['rsi', 'rsi_9']",
497,logic00498,"['bb', 'sma_40', 'lower_40_dev_3', 'upper_40_dev_3']",,
498,logic00499,"['bb', 'sma_40', 'lower_40_dev_3', 'upper_40_dev_3']","['rsi', 'rsi_9']",
499,logic00500,"['macd', 'macd_20-10', 'macdsignal_20-10', 'macdhist_20-10']",,
500,logic00501,"['sma_slope', 'sma_40', 'sma_10']","['macd', 'macd_20-10', 'macdsignal_20-10', 'macdhist_20-10']",
501,logic00502,"['rsi', 'rsi_22']",,
502,logic00503,"['sma_slope', 'sma_40', 'sma_10']","['rsi', 'rsi_22']",
503,logic00504,"['sma_slope', 'sma_40', 'sma_10']","['rsi', 'rsi_22']","['macd', 'macd_20-10', 'macdsignal_20-10', 'macdhist_20-10']"
504,logic00505,"['bb', 'sma_40', 'lower_40_dev_1', 'upper_40_dev_1']",,
505,logic00506,"['bb', 'sma_40', 'lower_40_dev_1', 'upper_40_dev_1']","['rsi', 'rsi_22']",
506,logic00507,"['bb', 'sma_40', 'lower_40_dev_2', 'upper_40_dev_2']",,
507,logic00508,"['bb', 'sma_40', 'lower_40_dev_2', 'upper_40_dev_2']","['rsi', 'rsi_22']",
508,logic00509,"['bb', 'sma_40', 'lower_40_dev_3', 'upper_40_dev_3']",,
509,logic00510,"['bb', 'sma_40', 'lower_40_dev_3', 'upper_40_dev_3']","['rsi', 'rsi_22']",
510,logic00511,"['rsi', 'rsi_14']",,
511,logic00512,"['sma_slope', 'sma_40', 'sma_10']","['rsi', 'rsi_14']",
512,logic00513,"['sma_slope', 'sma_40', 'sma_10']","['rsi', 'rsi_14']","['macd', 'macd_20-10', 'macdsignal_20-10', 'macdhist_20-10']"
513,logic00514,"['bb', 'sma_40', 'lower_40_dev_1', 'upper_40_dev_1']",,
514,logic00515,"['bb', 'sma_40', 'lower_40_dev_1', 'upper_40_dev_1']","['rsi', 'rsi_14']",
515,logic00516,"['bb', 'sma_40', 'lower_40_dev_2', 'upper_40_dev_2']",,
516,logic00517,"['bb', 'sma_40', 'lower_40_dev_2', 'upper_40_dev_2']","['rsi', 'rsi_14']",
517,logic00518,"['bb', 'sma_40', 'lower_40_dev_3', 'upper_40_dev_3']",,
518,logic00519,"['bb', 'sma_40', 'lower_40_dev_3', 'upper_40_dev_3']","['rsi', 'rsi_14']",
519,logic00520,"['rsi', 'rsi_9']",,
520,logic00521,"['sma_slope', 'sma_40', 'sma_10']","['rsi', 'rsi_9']",
521,logic00522,"['sma_slope', 'sma_40', 'sma_10']","['rsi', 'rsi_9']","['macd', 'macd_20-10', 'macdsignal_20-10', 'macdhist_20-10']"
522,logic00523,"['bb', 'sma_40', 'lower_40_dev_1', 'upper_40_dev_1']",,
523,logic00524,"['bb', 'sma_40', 'lower_40_dev_1', 'upper_40_dev_1']","['rsi', 'rsi_9']",
524,logic00525,"['bb', 'sma_40', 'lower_40_dev_2', 'upper_40_dev_2']",,
525,logic00526,"['bb', 'sma_40', 'lower_40_dev_2', 'upper_40_dev_2']","['rsi', 'rsi_9']",
526,logic00527,"['bb', 'sma_40', 'lower_40_dev_3', 'upper_40_dev_3']",,
527,logic00528,"['bb', 'sma_40', 'lower_40_dev_3', 'upper_40_dev_3']","['rsi', 'rsi_9']",
528,logic00529,"['sma_slope', 'sma_40', 'sma_20']",,
529,logic00530,"['macd', 'macd_30-10', 'macdsignal_30-10', 'macdhist_30-10']",,
530,logic00531,"['sma_slope', 'sma_40', 'sma_20']","['macd', 'macd_30-10', 'macdsignal_30-10', 'macdhist_30-10']",
531,logic00532,"['rsi', 'rsi_22']",,
532,logic00533,"['sma_slope', 'sma_40', 'sma_20']","['rsi', 'rsi_22']",
533,logic00534,"['sma_slope', 'sma_40', 'sma_20']","['rsi', 'rsi_22']","['macd', 'macd_30-10', 'macdsignal_30-10', 'macdhist_30-10']"
534,logic00535,"['bb', 'sma_40', 'lower_40_dev_1', 'upper_40_dev_1']",,
535,logic00536,"['bb', 'sma_40', 'lower_40_dev_1', 'upper_40_dev_1']","['rsi', 'rsi_22']",
536,logic00537,"['bb', 'sma_40', 'lower_40_dev_2', 'upper_40_dev_2']",,
537,logic00538,"['bb', 'sma_40', 'lower_40_dev_2', 'upper_40_dev_2']","['rsi', 'rsi_22']",
538,logic00539,"['bb', 'sma_40', 'lower_40_dev_3', 'upper_40_dev_3']",,
539,logic00540,"['bb', 'sma_40', 'lower_40_dev_3', 'upper_40_dev_3']","['rsi', 'rsi_22']",
540,logic00541,"['rsi', 'rsi_14']",,
541,logic00542,"['sma_slope', 'sma_40', 'sma_20']","['rsi', 'rsi_14']",
542,logic00543,"['sma_slope', 'sma_40', 'sma_20']","['rsi', 'rsi_14']","['macd', 'macd_30-10', 'macdsignal_30-10', 'macdhist_30-10']"
543,logic00544,"['bb', 'sma_40', 'lower_40_dev_1', 'upper_40_dev_1']",,
544,logic00545,"['bb', 'sma_40', 'lower_40_dev_1', 'upper_40_dev_1']","['rsi', 'rsi_14']",
545,logic00546,"['bb', 'sma_40', 'lower_40_dev_2', 'upper_40_dev_2']",,
546,logic00547,"['bb', 'sma_40', 'lower_40_dev_2', 'upper_40_dev_2']","['rsi', 'rsi_14']",
547,logic00548,"['bb', 'sma_40', 'lower_40_dev_3', 'upper_40_dev_3']",,
548,logic00549,"['bb', 'sma_40', 'lower_40_dev_3', 'upper_40_dev_3']","['rsi', 'rsi_14']",
549,logic00550,"['rsi', 'rsi_9']",,
550,logic00551,"['sma_slope', 'sma_40', 'sma_20']","['rsi', 'rsi_9']",
551,logic00552,"['sma_slope', 'sma_40', 'sma_20']","['rsi', 'rsi_9']","['macd', 'macd_30-10', 'macdsignal_30-10', 'macdhist_30-10']"
552,logic00553,"['bb', 'sma_40', 'lower_40_dev_1', 'upper_40_dev_1']",,
553,logic00554,"['bb', 'sma_40', 'lower_40_dev_1', 'upper_40_dev_1']","['rsi', 'rsi_9']",
554,logic00555,"['bb', 'sma_40', 'lower_40_dev_2', 'upper_40_dev_2']",,
555,logic00556,"['bb', 'sma_40', 'lower_40_dev_2', 'upper_40_dev_2']","['rsi', 'rsi_9']",
556,logic00557,"['bb', 'sma_40', 'lower_40_dev_3', 'upper_40_dev_3']",,
557,logic00558,"['bb', 'sma_40', 'lower_40_dev_3', 'upper_40_dev_3']","['rsi', 'rsi_9']",
558,logic00559,"['macd', 'macd_30-20', 'macdsignal_30-20', 'macdhist_30-20']",,
559,logic00560,"['sma_slope', 'sma_40', 'sma_20']","['macd', 'macd_30-20', 'macdsignal_30-20', 'macdhist_30-20']",
560,logic00561,"['rsi', 'rsi_22']",,
561,logic00562,"['sma_slope', 'sma_40', 'sma_20']","['rsi', 'rsi_22']",
562,logic00563,"['sma_slope', 'sma_40', 'sma_20']","['rsi', 'rsi_22']","['macd', 'macd_30-20', 'macdsignal_30-20', 'macdhist_30-20']"
563,logic00564,"['bb', 'sma_40', 'lower_40_dev_1', 'upper_40_dev_1']",,
564,logic00565,"['bb', 'sma_40', 'lower_40_dev_1', 'upper_40_dev_1']","['rsi', 'rsi_22']",
565,logic00566,"['bb', 'sma_40', 'lower_40_dev_2', 'upper_40_dev_2']",,
566,logic00567,"['bb', 'sma_40', 'lower_40_dev_2', 'upper_40_dev_2']","['rsi', 'rsi_22']",
567,logic00568,"['bb', 'sma_40', 'lower_40_dev_3', 'upper_40_dev_3']",,
568,logic00569,"['bb', 'sma_40', 'lower_40_dev_3', 'upper_40_dev_3']","['rsi', 'rsi_22']",
569,logic00570,"['rsi', 'rsi_14']",,
570,logic00571,"['sma_slope', 'sma_40', 'sma_20']","['rsi', 'rsi_14']",
571,logic00572,"['sma_slope', 'sma_40', 'sma_20']","['rsi', 'rsi_14']","['macd', 'macd_30-20', 'macdsignal_30-20', 'macdhist_30-20']"
572,logic00573,"['bb', 'sma_40', 'lower_40_dev_1', 'upper_40_dev_1']",,
573,logic00574,"['bb', 'sma_40', 'lower_40_dev_1', 'upper_40_dev_1']","['rsi', 'rsi_14']",
574,logic00575,"['bb', 'sma_40', 'lower_40_dev_2', 'upper_40_dev_2']",,
575,logic00576,"['bb', 'sma_40', 'lower_40_dev_2', 'upper_40_dev_2']","['rsi', 'rsi_14']",
576,logic00577,"['bb', 'sma_40', 'lower_40_dev_3', 'upper_40_dev_3']",,
577,logic00578,"['bb', 'sma_40', 'lower_40_dev_3', 'upper_40_dev_3']","['rsi', 'rsi_14']",
578,logic00579,"['rsi', 'rsi_9']",,
579,logic00580,"['sma_slope', 'sma_40', 'sma_20']","['rsi', 'rsi_9']",
580,logic00581,"['sma_slope', 'sma_40', 'sma_20']","['rsi', 'rsi_9']","['macd', 'macd_30-20', 'macdsignal_30-20', 'macdhist_30-20']"
581,logic00582,"['bb', 'sma_40', 'lower_40_dev_1', 'upper_40_dev_1']",,
582,logic00583,"['bb', 'sma_40', 'lower_40_dev_1', 'upper_40_dev_1']","['rsi', 'rsi_9']",
583,logic00584,"['bb', 'sma_40', 'lower_40_dev_2', 'upper_40_dev_2']",,
584,logic00585,"['bb', 'sma_40', 'lower_40_dev_2', 'upper_40_dev_2']","['rsi', 'rsi_9']",
585,logic00586,"['bb', 'sma_40', 'lower_40_dev_3', 'upper_40_dev_3']",,
586,logic00587,"['bb', 'sma_40', 'lower_40_dev_3', 'upper_40_dev_3']","['rsi', 'rsi_9']",
587,logic00588,"['macd', 'macd_20-10', 'macdsignal_20-10', 'macdhist_20-10']",,
588,logic00589,"['sma_slope', 'sma_40', 'sma_20']","['macd', 'macd_20-10', 'macdsignal_20-10', 'macdhist_20-10']",
589,logic00590,"['rsi', 'rsi_22']",,
590,logic00591,"['sma_slope', 'sma_40', 'sma_20']","['rsi', 'rsi_22']",
591,logic00592,"['sma_slope', 'sma_40', 'sma_20']","['rsi', 'rsi_22']","['macd', 'macd_20-10', 'macdsignal_20-10', 'macdhist_20-10']"
592,logic00593,"['bb', 'sma_40', 'lower_40_dev_1', 'upper_40_dev_1']",,
593,logic00594,"['bb', 'sma_40', 'lower_40_dev_1', 'upper_40_dev_1']","['rsi', 'rsi_22']",
594,logic00595,"['bb', 'sma_40', 'lower_40_dev_2', 'upper_40_dev_2']",,
595,logic00596,"['bb', 'sma_40', 'lower_40_dev_2', 'upper_40_dev_2']","['rsi', 'rsi_22']",
596,logic00597,"['bb', 'sma_40', 'lower_40_dev_3', 'upper_40_dev_3']",,
597,logic00598,"['bb', 'sma_40', 'lower_40_dev_3', 'upper_40_dev_3']","['rsi', 'rsi_22']",
598,logic00599,"['rsi', 'rsi_14']",,
599,logic00600,"['sma_slope', 'sma_40', 'sma_20']","['rsi', 'rsi_14']",
600,logic00601,"['sma_slope', 'sma_40', 'sma_20']","['rsi', 'rsi_14']","['macd', 'macd_20-10', 'macdsignal_20-10', 'macdhist_20-10']"
601,logic00602,"['bb', 'sma_40', 'lower_40_dev_1', 'upper_40_dev_1']",,
602,logic00603,"['bb', 'sma_40', 'lower_40_dev_1', 'upper_40_dev_1']","['rsi', 'rsi_14']",
603,logic00604,"['bb', 'sma_40', 'lower_40_dev_2', 'upper_40_dev_2']",,
604,logic00605,"['bb', 'sma_40', 'lower_40_dev_2', 'upper_40_dev_2']","['rsi', 'rsi_14']",
605,logic00606,"['bb', 'sma_40', 'lower_40_dev_3', 'upper_40_dev_3']",,
606,logic00607,"['bb', 'sma_40', 'lower_40_dev_3', 'upper_40_dev_3']","['rsi', 'rsi_14']",
607,logic00608,"['rsi', 'rsi_9']",,
608,logic00609,"['sma_slope', 'sma_40', 'sma_20']","['rsi', 'rsi_9']",
609,logic00610,"['sma_slope', 'sma_40', 'sma_20']","['rsi', 'rsi_9']","['macd', 'macd_20-10', 'macdsignal_20-10', 'macdhist_20-10']"
610,logic00611,"['bb', 'sma_40', 'lower_40_dev_1', 'upper_40_dev_1']",,
611,logic00612,"['bb', 'sma_40', 'lower_40_dev_1', 'upper_40_dev_1']","['rsi', 'rsi_9']",
612,logic00613,"['bb', 'sma_40', 'lower_40_dev_2', 'upper_40_dev_2']",,
613,logic00614,"['bb', 'sma_40', 'lower_40_dev_2', 'upper_40_dev_2']","['rsi', 'rsi_9']",
614,logic00615,"['bb', 'sma_40', 'lower_40_dev_3', 'upper_40_dev_3']",,
615,logic00616,"['bb', 'sma_40', 'lower_40_dev_3', 'upper_40_dev_3']","['rsi', 'rsi_9']",
616,logic00617,"['sma_slope', 'sma_20', 'sma_5']",,
617,logic00618,"['macd', 'macd_30-10', 'macdsignal_30-10', 'macdhist_30-10']",,
618,logic00619,"['sma_slope', 'sma_20', 'sma_5']","['macd', 'macd_30-10', 'macdsignal_30-10', 'macdhist_30-10']",
619,logic00620,"['rsi', 'rsi_22']",,
620,logic00621,"['sma_slope', 'sma_20', 'sma_5']","['rsi', 'rsi_22']",
621,logic00622,"['sma_slope', 'sma_20', 'sma_5']","['rsi', 'rsi_22']","['macd', 'macd_30-10', 'macdsignal_30-10', 'macdhist_30-10']"
622,logic00623,"['bb', 'sma_20', 'lower_20_dev_1', 'upper_20_dev_1']",,
623,logic00624,"['bb', 'sma_20', 'lower_20_dev_1', 'upper_20_dev_1']","['rsi', 'rsi_22']",
624,logic00625,"['bb', 'sma_20', 'lower_20_dev_2', 'upper_20_dev_2']",,
625,logic00626,"['bb', 'sma_20', 'lower_20_dev_2', 'upper_20_dev_2']","['rsi', 'rsi_22']",
626,logic00627,"['bb', 'sma_20', 'lower_20_dev_3', 'upper_20_dev_3']",,
627,logic00628,"['bb', 'sma_20', 'lower_20_dev_3', 'upper_20_dev_3']","['rsi', 'rsi_22']",
628,logic00629,"['rsi', 'rsi_14']",,
629,logic00630,"['sma_slope', 'sma_20', 'sma_5']","['rsi', 'rsi_14']",
630,logic00631,"['sma_slope', 'sma_20', 'sma_5']","['rsi', 'rsi_14']","['macd', 'macd_30-10', 'macdsignal_30-10', 'macdhist_30-10']"
631,logic00632,"['bb', 'sma_20', 'lower_20_dev_1', 'upper_20_dev_1']",,
632,logic00633,"['bb', 'sma_20', 'lower_20_dev_1', 'upper_20_dev_1']","['rsi', 'rsi_14']",
633,logic00634,"['bb', 'sma_20', 'lower_20_dev_2', 'upper_20_dev_2']",,
634,logic00635,"['bb', 'sma_20', 'lower_20_dev_2', 'upper_20_dev_2']","['rsi', 'rsi_14']",
635,logic00636,"['bb', 'sma_20', 'lower_20_dev_3', 'upper_20_dev_3']",,
636,logic00637,"['bb', 'sma_20', 'lower_20_dev_3', 'upper_20_dev_3']","['rsi', 'rsi_14']",
637,logic00638,"['rsi', 'rsi_9']",,
638,logic00639,"['sma_slope', 'sma_20', 'sma_5']","['rsi', 'rsi_9']",
639,logic00640,"['sma_slope', 'sma_20', 'sma_5']","['rsi', 'rsi_9']","['macd', 'macd_30-10', 'macdsignal_30-10', 'macdhist_30-10']"
640,logic00641,"['bb', 'sma_20', 'lower_20_dev_1', 'upper_20_dev_1']",,
641,logic00642,"['bb', 'sma_20', 'lower_20_dev_1', 'upper_20_dev_1']","['rsi', 'rsi_9']",
642,logic00643,"['bb', 'sma_20', 'lower_20_dev_2', 'upper_20_dev_2']",,
643,logic00644,"['bb', 'sma_20', 'lower_20_dev_2', 'upper_20_dev_2']","['rsi', 'rsi_9']",
644,logic00645,"['bb', 'sma_20', 'lower_20_dev_3', 'upper_20_dev_3']",,
645,logic00646,"['bb', 'sma_20', 'lower_20_dev_3', 'upper_20_dev_3']","['rsi', 'rsi_9']",
646,logic00647,"['macd', 'macd_30-20', 'macdsignal_30-20', 'macdhist_30-20']",,
647,logic00648,"['sma_slope', 'sma_20', 'sma_5']","['macd', 'macd_30-20', 'macdsignal_30-20', 'macdhist_30-20']",
648,logic00649,"['rsi', 'rsi_22']",,
649,logic00650,"['sma_slope', 'sma_20', 'sma_5']","['rsi', 'rsi_22']",
650,logic00651,"['sma_slope', 'sma_20', 'sma_5']","['rsi', 'rsi_22']","['macd', 'macd_30-20', 'macdsignal_30-20', 'macdhist_30-20']"
651,logic00652,"['bb', 'sma_20', 'lower_20_dev_1', 'upper_20_dev_1']",,
652,logic00653,"['bb', 'sma_20', 'lower_20_dev_1', 'upper_20_dev_1']","['rsi', 'rsi_22']",
653,logic00654,"['bb', 'sma_20', 'lower_20_dev_2', 'upper_20_dev_2']",,
654,logic00655,"['bb', 'sma_20', 'lower_20_dev_2', 'upper_20_dev_2']","['rsi', 'rsi_22']",
655,logic00656,"['bb', 'sma_20', 'lower_20_dev_3', 'upper_20_dev_3']",,
656,logic00657,"['bb', 'sma_20', 'lower_20_dev_3', 'upper_20_dev_3']","['rsi', 'rsi_22']",
657,logic00658,"['rsi', 'rsi_14']",,
658,logic00659,"['sma_slope', 'sma_20', 'sma_5']","['rsi', 'rsi_14']",
659,logic00660,"['sma_slope', 'sma_20', 'sma_5']","['rsi', 'rsi_14']","['macd', 'macd_30-20', 'macdsignal_30-20', 'macdhist_30-20']"
660,logic00661,"['bb', 'sma_20', 'lower_20_dev_1', 'upper_20_dev_1']",,
661,logic00662,"['bb', 'sma_20', 'lower_20_dev_1', 'upper_20_dev_1']","['rsi', 'rsi_14']",
662,logic00663,"['bb', 'sma_20', 'lower_20_dev_2', 'upper_20_dev_2']",,
663,logic00664,"['bb', 'sma_20', 'lower_20_dev_2', 'upper_20_dev_2']","['rsi', 'rsi_14']",
664,logic00665,"['bb', 'sma_20', 'lower_20_dev_3', 'upper_20_dev_3']",,
665,logic00666,"['bb', 'sma_20', 'lower_20_dev_3', 'upper_20_dev_3']","['rsi', 'rsi_14']",
666,logic00667,"['rsi', 'rsi_9']",,
667,logic00668,"['sma_slope', 'sma_20', 'sma_5']","['rsi', 'rsi_9']",
668,logic00669,"['sma_slope', 'sma_20', 'sma_5']","['rsi', 'rsi_9']","['macd', 'macd_30-20', 'macdsignal_30-20', 'macdhist_30-20']"
669,logic00670,"['bb', 'sma_20', 'lower_20_dev_1', 'upper_20_dev_1']",,
670,logic00671,"['bb', 'sma_20', 'lower_20_dev_1', 'upper_20_dev_1']","['rsi', 'rsi_9']",
671,logic00672,"['bb', 'sma_20', 'lower_20_dev_2', 'upper_20_dev_2']",,
672,logic00673,"['bb', 'sma_20', 'lower_20_dev_2', 'upper_20_dev_2']","['rsi', 'rsi_9']",
673,logic00674,"['bb', 'sma_20', 'lower_20_dev_3', 'upper_20_dev_3']",,
674,logic00675,"['bb', 'sma_20', 'lower_20_dev_3', 'upper_20_dev_3']","['rsi', 'rsi_9']",
675,logic00676,"['macd', 'macd_20-10', 'macdsignal_20-10', 'macdhist_20-10']",,
676,logic00677,"['sma_slope', 'sma_20', 'sma_5']","['macd', 'macd_20-10', 'macdsignal_20-10', 'macdhist_20-10']",
677,logic00678,"['rsi', 'rsi_22']",,
678,logic00679,"['sma_slope', 'sma_20', 'sma_5']","['rsi', 'rsi_22']",
679,logic00680,"['sma_slope', 'sma_20', 'sma_5']","['rsi', 'rsi_22']","['macd', 'macd_20-10', 'macdsignal_20-10', 'macdhist_20-10']"
680,logic00681,"['bb', 'sma_20', 'lower_20_dev_1', 'upper_20_dev_1']",,
681,logic00682,"['bb', 'sma_20', 'lower_20_dev_1', 'upper_20_dev_1']","['rsi', 'rsi_22']",
682,logic00683,"['bb', 'sma_20', 'lower_20_dev_2', 'upper_20_dev_2']",,
683,logic00684,"['bb', 'sma_20', 'lower_20_dev_2', 'upper_20_dev_2']","['rsi', 'rsi_22']",
684,logic00685,"['bb', 'sma_20', 'lower_20_dev_3', 'upper_20_dev_3']",,
685,logic00686,"['bb', 'sma_20', 'lower_20_dev_3', 'upper_20_dev_3']","['rsi', 'rsi_22']",
686,logic00687,"['rsi', 'rsi_14']",,
687,logic00688,"['sma_slope', 'sma_20', 'sma_5']","['rsi', 'rsi_14']",
688,logic00689,"['sma_slope', 'sma_20', 'sma_5']","['rsi', 'rsi_14']","['macd', 'macd_20-10', 'macdsignal_20-10', 'macdhist_20-10']"
689,logic00690,"['bb', 'sma_20', 'lower_20_dev_1', 'upper_20_dev_1']",,
690,logic00691,"['bb', 'sma_20', 'lower_20_dev_1', 'upper_20_dev_1']","['rsi', 'rsi_14']",
691,logic00692,"['bb', 'sma_20', 'lower_20_dev_2', 'upper_20_dev_2']",,
692,logic00693,"['bb', 'sma_20', 'lower_20_dev_2', 'upper_20_dev_2']","['rsi', 'rsi_14']",
693,logic00694,"['bb', 'sma_20', 'lower_20_dev_3', 'upper_20_dev_3']",,
694,logic00695,"['bb', 'sma_20', 'lower_20_dev_3', 'upper_20_dev_3']","['rsi', 'rsi_14']",
695,logic00696,"['rsi', 'rsi_9']",,
696,logic00697,"['sma_slope', 'sma_20', 'sma_5']","['rsi', 'rsi_9']",
697,logic00698,"['sma_slope', 'sma_20', 'sma_5']","['rsi', 'rsi_9']","['macd', 'macd_20-10', 'macdsignal_20-10', 'macdhist_20-10']"
698,logic00699,"['bb', 'sma_20', 'lower_20_dev_1', 'upper_20_dev_1']",,
699,logic00700,"['bb', 'sma_20', 'lower_20_dev_1', 'upper_20_dev_1']","['rsi', 'rsi_9']",
700,logic00701,"['bb', 'sma_20', 'lower_20_dev_2', 'upper_20_dev_2']",,
701,logic00702,"['bb', 'sma_20', 'lower_20_dev_2', 'upper_20_dev_2']","['rsi', 'rsi_9']",
702,logic00703,"['bb', 'sma_20', 'lower_20_dev_3', 'upper_20_dev_3']",,
703,logic00704,"['bb', 'sma_20', 'lower_20_dev_3', 'upper_20_dev_3']","['rsi', 'rsi_9']",
704,logic00705,"['sma_slope', 'sma_20', 'sma_10']",,
705,logic00706,"['macd', 'macd_30-10', 'macdsignal_30-10', 'macdhist_30-10']",,
706,logic00707,"['sma_slope', 'sma_20', 'sma_10']","['macd', 'macd_30-10', 'macdsignal_30-10', 'macdhist_30-10']",
707,logic00708,"['rsi', 'rsi_22']",,
708,logic00709,"['sma_slope', 'sma_20', 'sma_10']","['rsi', 'rsi_22']",
709,logic00710,"['sma_slope', 'sma_20', 'sma_10']","['rsi', 'rsi_22']","['macd', 'macd_30-10', 'macdsignal_30-10', 'macdhist_30-10']"
710,logic00711,"['bb', 'sma_20', 'lower_20_dev_1', 'upper_20_dev_1']",,
711,logic00712,"['bb', 'sma_20', 'lower_20_dev_1', 'upper_20_dev_1']","['rsi', 'rsi_22']",
712,logic00713,"['bb', 'sma_20', 'lower_20_dev_2', 'upper_20_dev_2']",,
713,logic00714,"['bb', 'sma_20', 'lower_20_dev_2', 'upper_20_dev_2']","['rsi', 'rsi_22']",
714,logic00715,"['bb', 'sma_20', 'lower_20_dev_3', 'upper_20_dev_3']",,
715,logic00716,"['bb', 'sma_20', 'lower_20_dev_3', 'upper_20_dev_3']","['rsi', 'rsi_22']",
716,logic00717,"['rsi', 'rsi_14']",,
717,logic00718,"['sma_slope', 'sma_20', 'sma_10']","['rsi', 'rsi_14']",
718,logic00719,"['sma_slope', 'sma_20', 'sma_10']","['rsi', 'rsi_14']","['macd', 'macd_30-10', 'macdsignal_30-10', 'macdhist_30-10']"
719,logic00720,"['bb', 'sma_20', 'lower_20_dev_1', 'upper_20_dev_1']",,
720,logic00721,"['bb', 'sma_20', 'lower_20_dev_1', 'upper_20_dev_1']","['rsi', 'rsi_14']",
721,logic00722,"['bb', 'sma_20', 'lower_20_dev_2', 'upper_20_dev_2']",,
722,logic00723,"['bb', 'sma_20', 'lower_20_dev_2', 'upper_20_dev_2']","['rsi', 'rsi_14']",
723,logic00724,"['bb', 'sma_20', 'lower_20_dev_3', 'upper_20_dev_3']",,
724,logic00725,"['bb', 'sma_20', 'lower_20_dev_3', 'upper_20_dev_3']","['rsi', 'rsi_14']",
725,logic00726,"['rsi', 'rsi_9']",,
726,logic00727,"['sma_slope', 'sma_20', 'sma_10']","['rsi', 'rsi_9']",
727,logic00728,"['sma_slope', 'sma_20', 'sma_10']","['rsi', 'rsi_9']","['macd', 'macd_30-10', 'macdsignal_30-10', 'macdhist_30-10']"
728,logic00729,"['bb', 'sma_20', 'lower_20_dev_1', 'upper_20_dev_1']",,
729,logic00730,"['bb', 'sma_20', 'lower_20_dev_1', 'upper_20_dev_1']","['rsi', 'rsi_9']",
730,logic00731,"['bb', 'sma_20', 'lower_20_dev_2', 'upper_20_dev_2']",,
731,logic00732,"['bb', 'sma_20', 'lower_20_dev_2', 'upper_20_dev_2']","['rsi', 'rsi_9']",
732,logic00733,"['bb', 'sma_20', 'lower_20_dev_3', 'upper_20_dev_3']",,
733,logic00734,"['bb', 'sma_20', 'lower_20_dev_3', 'upper_20_dev_3']","['rsi', 'rsi_9']",
734,logic00735,"['macd', 'macd_30-20', 'macdsignal_30-20', 'macdhist_30-20']",,
735,logic00736,"['sma_slope', 'sma_20', 'sma_10']","['macd', 'macd_30-20', 'macdsignal_30-20', 'macdhist_30-20']",
736,logic00737,"['rsi', 'rsi_22']",,
737,logic00738,"['sma_slope', 'sma_20', 'sma_10']","['rsi', 'rsi_22']",
738,logic00739,"['sma_slope', 'sma_20', 'sma_10']","['rsi', 'rsi_22']","['macd', 'macd_30-20', 'macdsignal_30-20', 'macdhist_30-20']"
739,logic00740,"['bb', 'sma_20', 'lower_20_dev_1', 'upper_20_dev_1']",,
740,logic00741,"['bb', 'sma_20', 'lower_20_dev_1', 'upper_20_dev_1']","['rsi', 'rsi_22']",
741,logic00742,"['bb', 'sma_20', 'lower_20_dev_2', 'upper_20_dev_2']",,
742,logic00743,"['bb', 'sma_20', 'lower_20_dev_2', 'upper_20_dev_2']","['rsi', 'rsi_22']",
743,logic00744,"['bb', 'sma_20', 'lower_20_dev_3', 'upper_20_dev_3']",,
744,logic00745,"['bb', 'sma_20', 'lower_20_dev_3', 'upper_20_dev_3']","['rsi', 'rsi_22']",
745,logic00746,"['rsi', 'rsi_14']",,
746,logic00747,"['sma_slope', 'sma_20', 'sma_10']","['rsi', 'rsi_14']",
747,logic00748,"['sma_slope', 'sma_20', 'sma_10']","['rsi', 'rsi_14']","['macd', 'macd_30-20', 'macdsignal_30-20', 'macdhist_30-20']"
748,logic00749,"['bb', 'sma_20', 'lower_20_dev_1', 'upper_20_dev_1']",,
749,logic00750,"['bb', 'sma_20', 'lower_20_dev_1', 'upper_20_dev_1']","['rsi', 'rsi_14']",
750,logic00751,"['bb', 'sma_20', 'lower_20_dev_2', 'upper_20_dev_2']",,
751,logic00752,"['bb', 'sma_20', 'lower_20_dev_2', 'upper_20_dev_2']","['rsi', 'rsi_14']",
752,logic00753,"['bb', 'sma_20', 'lower_20_dev_3', 'upper_20_dev_3']",,
753,logic00754,"['bb', 'sma_20', 'lower_20_dev_3', 'upper_20_dev_3']","['rsi', 'rsi_14']",
754,logic00755,"['rsi', 'rsi_9']",,
755,logic00756,"['sma_slope', 'sma_20', 'sma_10']","['rsi', 'rsi_9']",
756,logic00757,"['sma_slope', 'sma_20', 'sma_10']","['rsi', 'rsi_9']","['macd', 'macd_30-20', 'macdsignal_30-20', 'macdhist_30-20']"
757,logic00758,"['bb', 'sma_20', 'lower_20_dev_1', 'upper_20_dev_1']",,
758,logic00759,"['bb', 'sma_20', 'lower_20_dev_1', 'upper_20_dev_1']","['rsi', 'rsi_9']",
759,logic00760,"['bb', 'sma_20', 'lower_20_dev_2', 'upper_20_dev_2']",,
760,logic00761,"['bb', 'sma_20', 'lower_20_dev_2', 'upper_20_dev_2']","['rsi', 'rsi_9']",
761,logic00762,"['bb', 'sma_20', 'lower_20_dev_3', 'upper_20_dev_3']",,
762,logic00763,"['bb', 'sma_20', 'lower_20_dev_3', 'upper_20_dev_3']","['rsi', 'rsi_9']",
763,logic00764,"['macd', 'macd_20-10', 'macdsignal_20-10', 'macdhist_20-10']",,
764,logic00765,"['sma_slope', 'sma_20', 'sma_10']","['macd', 'macd_20-10', 'macdsignal_20-10', 'macdhist_20-10']",
765,logic00766,"['rsi', 'rsi_22']",,
766,logic00767,"['sma_slope', 'sma_20', 'sma_10']","['rsi', 'rsi_22']",
767,logic00768,"['sma_slope', 'sma_20', 'sma_10']","['rsi', 'rsi_22']","['macd', 'macd_20-10', 'macdsignal_20-10', 'macdhist_20-10']"
768,logic00769,"['bb', 'sma_20', 'lower_20_dev_1', 'upper_20_dev_1']",,
769,logic00770,"['bb', 'sma_20', 'lower_20_dev_1', 'upper_20_dev_1']","['rsi', 'rsi_22']",
770,logic00771,"['bb', 'sma_20', 'lower_20_dev_2', 'upper_20_dev_2']",,
771,logic00772,"['bb', 'sma_20', 'lower_20_dev_2', 'upper_20_dev_2']","['rsi', 'rsi_22']",
772,logic00773,"['bb', 'sma_20', 'lower_20_dev_3', 'upper_20_dev_3']",,
773,logic00774,"['bb', 'sma_20', 'lower_20_dev_3', 'upper_20_dev_3']","['rsi', 'rsi_22']",
774,logic00775,"['rsi', 'rsi_14']",,
775,logic00776,"['sma_slope', 'sma_20', 'sma_10']","['rsi', 'rsi_14']",
776,logic00777,"['sma_slope', 'sma_20', 'sma_10']","['rsi', 'rsi_14']","['macd', 'macd_20-10', 'macdsignal_20-10', 'macdhist_20-10']"
777,logic00778,"['bb', 'sma_20', 'lower_20_dev_1', 'upper_20_dev_1']",,
778,logic00779,"['bb', 'sma_20', 'lower_20_dev_1', 'upper_20_dev_1']","['rsi', 'rsi_14']",
779,logic00780,"['bb', 'sma_20', 'lower_20_dev_2', 'upper_20_dev_2']",,
780,logic00781,"['bb', 'sma_20', 'lower_20_dev_2', 'upper_20_dev_2']","['rsi', 'rsi_14']",
781,logic00782,"['bb', 'sma_20', 'lower_20_dev_3', 'upper_20_dev_3']",,
782,logic00783,"['bb', 'sma_20', 'lower_20_dev_3', 'upper_20_dev_3']","['rsi', 'rsi_14']",
783,logic00784,"['rsi', 'rsi_9']",,
784,logic00785,"['sma_slope', 'sma_20', 'sma_10']","['rsi', 'rsi_9']",
785,logic00786,"['sma_slope', 'sma_20', 'sma_10']","['rsi', 'rsi_9']","['macd', 'macd_20-10', 'macdsignal_20-10', 'macdhist_20-10']"
786,logic00787,"['bb', 'sma_20', 'lower_20_dev_1', 'upper_20_dev_1']",,
787,logic00788,"['bb', 'sma_20', 'lower_20_dev_1', 'upper_20_dev_1']","['rsi', 'rsi_9']",
788,logic00789,"['bb', 'sma_20', 'lower_20_dev_2', 'upper_20_dev_2']",,
789,logic00790,"['bb', 'sma_20', 'lower_20_dev_2', 'upper_20_dev_2']","['rsi', 'rsi_9']",
790,logic00791,"['bb', 'sma_20', 'lower_20_dev_3', 'upper_20_dev_3']",,
791,logic00792,"['bb', 'sma_20', 'lower_20_dev_3', 'upper_20_dev_3']","['rsi', 'rsi_9']",
792,logic00793,"['sma_slope', 'sma_10', 'sma_5']",,
793,logic00794,"['macd', 'macd_30-10', 'macdsignal_30-10', 'macdhist_30-10']",,
794,logic00795,"['sma_slope', 'sma_10', 'sma_5']","['macd', 'macd_30-10', 'macdsignal_30-10', 'macdhist_30-10']",
795,logic00796,"['rsi', 'rsi_22']",,
796,logic00797,"['sma_slope', 'sma_10', 'sma_5']","['rsi', 'rsi_22']",
797,logic00798,"['sma_slope', 'sma_10', 'sma_5']","['rsi', 'rsi_22']","['macd', 'macd_30-10', 'macdsignal_30-10', 'macdhist_30-10']"
798,logic00799,"['bb', 'sma_10', 'lower_10_dev_1', 'upper_10_dev_1']",,
799,logic00800,"['bb', 'sma_10', 'lower_10_dev_1', 'upper_10_dev_1']","['rsi', 'rsi_22']",
800,logic00801,"['bb', 'sma_10', 'lower_10_dev_2', 'upper_10_dev_2']",,
801,logic00802,"['bb', 'sma_10', 'lower_10_dev_2', 'upper_10_dev_2']","['rsi', 'rsi_22']",
802,logic00803,"['bb', 'sma_10', 'lower_10_dev_3', 'upper_10_dev_3']",,
803,logic00804,"['bb', 'sma_10', 'lower_10_dev_3', 'upper_10_dev_3']","['rsi', 'rsi_22']",
804,logic00805,"['rsi', 'rsi_14']",,
805,logic00806,"['sma_slope', 'sma_10', 'sma_5']","['rsi', 'rsi_14']",
806,logic00807,"['sma_slope', 'sma_10', 'sma_5']","['rsi', 'rsi_14']","['macd', 'macd_30-10', 'macdsignal_30-10', 'macdhist_30-10']"
807,logic00808,"['bb', 'sma_10', 'lower_10_dev_1', 'upper_10_dev_1']",,
808,logic00809,"['bb', 'sma_10', 'lower_10_dev_1', 'upper_10_dev_1']","['rsi', 'rsi_14']",
809,logic00810,"['bb', 'sma_10', 'lower_10_dev_2', 'upper_10_dev_2']",,
810,logic00811,"['bb', 'sma_10', 'lower_10_dev_2', 'upper_10_dev_2']","['rsi', 'rsi_14']",
811,logic00812,"['bb', 'sma_10', 'lower_10_dev_3', 'upper_10_dev_3']",,
812,logic00813,"['bb', 'sma_10', 'lower_10_dev_3', 'upper_10_dev_3']","['rsi', 'rsi_14']",
813,logic00814,"['rsi', 'rsi_9']",,
814,logic00815,"['sma_slope', 'sma_10', 'sma_5']","['rsi', 'rsi_9']",
815,logic00816,"['sma_slope', 'sma_10', 'sma_5']","['rsi', 'rsi_9']","['macd', 'macd_30-10', 'macdsignal_30-10', 'macdhist_30-10']"
816,logic00817,"['bb', 'sma_10', 'lower_10_dev_1', 'upper_10_dev_1']",,
817,logic00818,"['bb', 'sma_10', 'lower_10_dev_1', 'upper_10_dev_1']","['rsi', 'rsi_9']",
818,logic00819,"['bb', 'sma_10', 'lower_10_dev_2', 'upper_10_dev_2']",,
819,logic00820,"['bb', 'sma_10', 'lower_10_dev_2', 'upper_10_dev_2']","['rsi', 'rsi_9']",
820,logic00821,"['bb', 'sma_10', 'lower_10_dev_3', 'upper_10_dev_3']",,
821,logic00822,"['bb', 'sma_10', 'lower_10_dev_3', 'upper_10_dev_3']","['rsi', 'rsi_9']",
822,logic00823,"['macd', 'macd_30-20', 'macdsignal_30-20', 'macdhist_30-20']",,
823,logic00824,"['sma_slope', 'sma_10', 'sma_5']","['macd', 'macd_30-20', 'macdsignal_30-20', 'macdhist_30-20']",
824,logic00825,"['rsi', 'rsi_22']",,
825,logic00826,"['sma_slope', 'sma_10', 'sma_5']","['rsi', 'rsi_22']",
826,logic00827,"['sma_slope', 'sma_10', 'sma_5']","['rsi', 'rsi_22']","['macd', 'macd_30-20', 'macdsignal_30-20', 'macdhist_30-20']"
827,logic00828,"['bb', 'sma_10', 'lower_10_dev_1', 'upper_10_dev_1']",,
828,logic00829,"['bb', 'sma_10', 'lower_10_dev_1', 'upper_10_dev_1']","['rsi', 'rsi_22']",
829,logic00830,"['bb', 'sma_10', 'lower_10_dev_2', 'upper_10_dev_2']",,
830,logic00831,"['bb', 'sma_10', 'lower_10_dev_2', 'upper_10_dev_2']","['rsi', 'rsi_22']",
831,logic00832,"['bb', 'sma_10', 'lower_10_dev_3', 'upper_10_dev_3']",,
832,logic00833,"['bb', 'sma_10', 'lower_10_dev_3', 'upper_10_dev_3']","['rsi', 'rsi_22']",
833,logic00834,"['rsi', 'rsi_14']",,
834,logic00835,"['sma_slope', 'sma_10', 'sma_5']","['rsi', 'rsi_14']",
835,logic00836,"['sma_slope', 'sma_10', 'sma_5']","['rsi', 'rsi_14']","['macd', 'macd_30-20', 'macdsignal_30-20', 'macdhist_30-20']"
836,logic00837,"['bb', 'sma_10', 'lower_10_dev_1', 'upper_10_dev_1']",,
837,logic00838,"['bb', 'sma_10', 'lower_10_dev_1', 'upper_10_dev_1']","['rsi', 'rsi_14']",
838,logic00839,"['bb', 'sma_10', 'lower_10_dev_2', 'upper_10_dev_2']",,
839,logic00840,"['bb', 'sma_10', 'lower_10_dev_2', 'upper_10_dev_2']","['rsi', 'rsi_14']",
840,logic00841,"['bb', 'sma_10', 'lower_10_dev_3', 'upper_10_dev_3']",,
841,logic00842,"['bb', 'sma_10', 'lower_10_dev_3', 'upper_10_dev_3']","['rsi', 'rsi_14']",
842,logic00843,"['rsi', 'rsi_9']",,
843,logic00844,"['sma_slope', 'sma_10', 'sma_5']","['rsi', 'rsi_9']",
844,logic00845,"['sma_slope', 'sma_10', 'sma_5']","['rsi', 'rsi_9']","['macd', 'macd_30-20', 'macdsignal_30-20', 'macdhist_30-20']"
845,logic00846,"['bb', 'sma_10', 'lower_10_dev_1', 'upper_10_dev_1']",,
846,logic00847,"['bb', 'sma_10', 'lower_10_dev_1', 'upper_10_dev_1']","['rsi', 'rsi_9']",
847,logic00848,"['bb', 'sma_10', 'lower_10_dev_2', 'upper_10_dev_2']",,
848,logic00849,"['bb', 'sma_10', 'lower_10_dev_2', 'upper_10_dev_2']","['rsi', 'rsi_9']",
849,logic00850,"['bb', 'sma_10', 'lower_10_dev_3', 'upper_10_dev_3']",,
850,logic00851,"['bb', 'sma_10', 'lower_10_dev_3', 'upper_10_dev_3']","['rsi', 'rsi_9']",
851,logic00852,"['macd', 'macd_20-10', 'macdsignal_20-10', 'macdhist_20-10']",,
852,logic00853,"['sma_slope', 'sma_10', 'sma_5']","['macd', 'macd_20-10', 'macdsignal_20-10', 'macdhist_20-10']",
853,logic00854,"['rsi', 'rsi_22']",,
854,logic00855,"['sma_slope', 'sma_10', 'sma_5']","['rsi', 'rsi_22']",
855,logic00856,"['sma_slope', 'sma_10', 'sma_5']","['rsi', 'rsi_22']","['macd', 'macd_20-10', 'macdsignal_20-10', 'macdhist_20-10']"
856,logic00857,"['bb', 'sma_10', 'lower_10_dev_1', 'upper_10_dev_1']",,
857,logic00858,"['bb', 'sma_10', 'lower_10_dev_1', 'upper_10_dev_1']","['rsi', 'rsi_22']",
858,logic00859,"['bb', 'sma_10', 'lower_10_dev_2', 'upper_10_dev_2']",,
859,logic00860,"['bb', 'sma_10', 'lower_10_dev_2', 'upper_10_dev_2']","['rsi', 'rsi_22']",
860,logic00861,"['bb', 'sma_10', 'lower_10_dev_3', 'upper_10_dev_3']",,
861,logic00862,"['bb', 'sma_10', 'lower_10_dev_3', 'upper_10_dev_3']","['rsi', 'rsi_22']",
862,logic00863,"['rsi', 'rsi_14']",,
863,logic00864,"['sma_slope', 'sma_10', 'sma_5']","['rsi', 'rsi_14']",
864,logic00865,"['sma_slope', 'sma_10', 'sma_5']","['rsi', 'rsi_14']","['macd', 'macd_20-10', 'macdsignal_20-10', 'macdhist_20-10']"
865,logic00866,"['bb', 'sma_10', 'lower_10_dev_1', 'upper_10_dev_1']",,
866,logic00867,"['bb', 'sma_10', 'lower_10_dev_1', 'upper_10_dev_1']","['rsi', 'rsi_14']",
867,logic00868,"['bb', 'sma_10', 'lower_10_dev_2', 'upper_10_dev_2']",,
868,logic00869,"['bb', 'sma_10', 'lower_10_dev_2', 'upper_10_dev_2']","['rsi', 'rsi_14']",
869,logic00870,"['bb', 'sma_10', 'lower_10_dev_3', 'upper_10_dev_3']",,
870,logic00871,"['bb', 'sma_10', 'lower_10_dev_3', 'upper_10_dev_3']","['rsi', 'rsi_14']",
871,logic00872,"['rsi', 'rsi_9']",,
872,logic00873,"['sma_slope', 'sma_10', 'sma_5']","['rsi', 'rsi_9']",
873,logic00874,"['sma_slope', 'sma_10', 'sma_5']","['rsi', 'rsi_9']","['macd', 'macd_20-10', 'macdsignal_20-10', 'macdhist_20-10']"
874,logic00875,"['bb', 'sma_10', 'lower_10_dev_1', 'upper_10_dev_1']",,
875,logic00876,"['bb', 'sma_10', 'lower_10_dev_1', 'upper_10_dev_1']","['rsi', 'rsi_9']",
876,logic00877,"['bb', 'sma_10', 'lower_10_dev_2', 'upper_10_dev_2']",,
877,logic00878,"['bb', 'sma_10', 'lower_10_dev_2', 'upper_10_dev_2']","['rsi', 'rsi_9']",
878,logic00879,"['bb', 'sma_10', 'lower_10_dev_3', 'upper_10_dev_3']",,
879,logic00880,"['bb', 'sma_10', 'lower_10_dev_3', 'upper_10_dev_3']","['rsi', 'rsi_9']",
880,logic00881,"['dmi', '+DI', '-DI', 'ADX']",,
